#Nome_da_Administradora;CNPJ_da_Administradora;Data_base;Código_do_segmento;Taxa_de_administração;Quantidade_de_grupos_ativos;Quantidade_de_grupos_constituídos_no_mês;Quantidade_de_grupos_encerrados_no_mês;Quantidade_de_cotas_comercializadas_no_mês;Quantidade_de_cotas_excluídas_a_comercializar;Quantidade_acumulada_de_cotas_ativas_contempladas;Quantidade_de_cotas_ativas_não_contempladas;Quantidade_de_cotas_ativas_contempladas_no_mês;Quantidade_de_cotas_ativas_em_dia;Quantidade_de_cotas_ativas_contempladas_inadimplentes;Quantidade_de_cotas_ativas_não_contempladas_inadimplentes;Quantidade_de_cotas_excluídas;Quantidade_de_cotas_ativas_quitadas;Quantidade_de_cotas_ativas_com_crédito_pendente_de_utilização
ADEMICON ADM CONS S.A.;84911098;202506;1;23,84638;89;3;0;21415;6794;25321;243882;614;230517;3031;35655;174611;3218;6048
ADEMICON ADM CONS S.A.;84911098;202506;2;13,86316;55;2;0;689;2761;21966;18430;362;36245;1924;2227;19531;9436;1931
ADEMICON ADM CONS S.A.;84911098;202506;3;14,74338;80;4;1;4431;1302;15303;58146;629;64057;1108;8284;40742;2661;3970
ADEMICON ADM CONS S.A.;84911098;202506;4;23,20000;1;0;0;54;34;25;320;5;294;0;51;40;0;11
ADEMICON ADM CONS S.A.;84911098;202506;5;0,00000;0;0;0;77;0;0;0;0;0;0;0;0;0;0
ADEMICON ADM CONS S.A.;84911098;202506;6;23,00609;4;0;0;171;417;982;1644;45;2059;202;365;1302;118;260
ADM CONS BECKER LTDA;03828278;202506;1;20,69577;6;0;0;39;625;774;1605;15;2089;156;134;3148;104;161
ADM CONS BECKER LTDA;03828278;202506;2;0,00000;0;0;0;0;0;0;0;0;0;0;0;0;0;0
ADM CONS BECKER LTDA;03828278;202506;3;17,87433;6;0;0;55;215;613;1045;16;1454;86;118;1333;139;85
ADM CONS BECKER LTDA;03828278;202506;4;17,40000;8;0;0;58;86;2037;803;34;2482;275;83;2028;840;286
ADM CONS BECKER LTDA;03828278;202506;5;18,21410;13;0;0;81;172;1820;1454;47;2801;313;160;1771;463;385
ADM CONS BECKER LTDA;03828278;202506;6;17,45307;4;0;0;25;37;312;306;13;532;48;38;300;46;65
ADM CONS NAC HONDA LTDA;45441789;202506;1;0,00000;0;0;0;0;0;0;0;0;0;0;0;0;0;0
ADM CONS NAC HONDA LTDA;45441789;202506;2;0,00000;0;0;0;0;0;0;0;0;0;0;0;0;0;0
ADM CONS NAC HONDA LTDA;45441789;202506;3;15,46270;62;1;2;349;3641;3837;4526;105;7858;191;314;6957;1325;694
ADM CONS NAC HONDA LTDA;45441789;202506;4;23,02330;3560;76;49;98064;841113;1292711;1010499;34606;2023598;154475;125137;2191870;451755;107343
ADM CONS NAC HONDA LTDA;45441789;202506;5;0,00000;0;0;0;0;0;0;0;0;0;0;0;0;0;0
ADM CONS NAC HONDA LTDA;45441789;202506;6;0,00000;0;0;0;0;0;0;0;0;0;0;0;0;0;0
ADM CONS NAC VIME LTDA;59999300;202506;1;0,00000;0;0;0;0;0;0;0;0;0;0;0;0;0;0
ADM CONS NAC VIME LTDA;59999300;202506;2;0,00000;0;0;0;0;0;0;0;0;0;0;0;0;0;0
ADM CONS NAC VIME LTDA;59999300;202506;3;18,38520;7;0;0;26;220;737;307;7;932;63;49;1458;355;38
ADM CONS NAC VIME LTDA;59999300;202506;4;0,00000;0;0;0;0;0;0;0;0;0;0;0;0;0;0
ADM CONS NAC VIME LTDA;59999300;202506;5;0,00000;0;0;0;0;0;0;0;0;0;0;0;0;0;0
ADM CONS NAC VIME LTDA;59999300;202506;6;0,00000;0;0;0;0;0;0;0;0;0;0;0;0;0;0
ADM CONS RCI BRASIL LTDA;73230674;202506;1;0,00000;0;0;0;0;0;0;0;0;0;0;0;0;0;0
ADM CONS RCI BRASIL LTDA;73230674;202506;2;0,00000;0;0;0;0;0;0;0;0;0;0;0;0;0;0
ADM CONS RCI BRASIL LTDA;73230674;202506;3;18,55508;46;0;0;455;15864;12593;9445;198;18945;1622;1471;72359;4729;1717
ADM CONS RCI BRASIL LTDA;73230674;202506;4;0,00000;0;0;0;0;0;0;0;0;0;0;0;0;0;0
ADM CONS RCI BRASIL LTDA;73230674;202506;5;0,00000;0;0;0;0;0;0;0;0;0;0;0;0;0;0
ADM CONS RCI BRASIL LTDA;73230674;202506;6;0,00000;0;0;0;0;0;0;0;0;0;0;0;0;0;0
ADM CONS SICREDI LTDA;07808907;202506;1;12,48129;93;3;0;1829;1249;28849;43225;491;66993;1480;3601;28753;7004;12666
ADM CONS SICREDI LTDA;07808907;202506;2;10,24531;190;4;1;2077;780;51272;40663;1164;85907;3599;2429;20979;15374;14641
ADM CONS SICREDI LTDA;07808907;202506;3;9,44687;314;9;2;7041;1233;108378;116330;2964;213725;5083;5900;47371;31887;22962
ADM CONS SICREDI LTDA;07808907;202506;4;0,00000;0;0;0;0;0;0;0;0;0;0;0;0;0;0
ADM CONS SICREDI LTDA;07808907;202506;5;14,09903;4;0;0;11;22;922;400;26;1230;62;30;373;268;125
ADM CONS SICREDI LTDA;07808907;202506;6;14,85741;94;4;3;1811;300;31779;22026;1371;49216;3160;1429;8983;6553;4040
ADM CONS SPENGLER LTDA;91341925;202506;1;22,92667;1;0;0;22;83;19;281;1;242;2;56;198;1;9
ADM CONS SPENGLER LTDA;91341925;202506;2;0,00000;0;0;0;0;0;0;0;0;0;0;0;0;0;0
ADM CONS SPENGLER LTDA;91341925;202506;3;15,53396;36;0;3;48;1805;2570;1794;41;3716;320;328;3495;1360;276
ADM CONS SPENGLER LTDA;91341925;202506;4;0,00000;0;0;0;0;0;0;0;0;0;0;0;0;0;0
ADM CONS SPENGLER LTDA;91341925;202506;5;0,00000;0;0;0;0;0;0;0;0;0;0;0;0;0;0
ADM CONS SPENGLER LTDA;91341925;202506;6;0,00000;0;0;0;0;0;0;0;0;0;0;0;0;0;0
ADM CONS UNICOOB LTDA;12228808;202506;1;11,54834;14;0;0;189;1554;5128;6508;91;10679;303;654;8907;1099;1262
ADM CONS UNICOOB LTDA;12228808;202506;2;0,00000;0;0;0;0;0;0;0;0;0;0;0;0;0;0
ADM CONS UNICOOB LTDA;12228808;202506;3;10,96665;36;0;0;428;1138;17967;11658;434;27038;1404;1183;11551;5926;2680
ADM CONS UNICOOB LTDA;12228808;202506;4;13,57271;3;0;0;37;243;873;908;52;1633;61;87;559;115;242
ADM CONS UNICOOB LTDA;12228808;202506;5;0,00000;0;0;0;0;0;0;0;0;0;0;0;0;0;0
ADM CONS UNICOOB LTDA;12228808;202506;6;12,76720;12;0;1;255;116;5625;4042;246;8656;613;398;2217;958;688
ALPHA ADM CONS LTDA;90982679;202506;1;22,77082;5;0;0;430;2325;625;11591;22;5772;215;6229;20352;16;300
ALPHA ADM CONS LTDA;90982679;202506;2;22,60000;5;0;0;237;908;669;4526;12;3081;229;1885;18547;56;85
ALPHA ADM CONS LTDA;90982679;202506;3;18,71000;7;0;0;633;3817;1932;10320;53;6640;675;4937;36004;339;311
ALPHA ADM CONS LTDA;90982679;202506;4;0,00000;0;0;0;0;0;0;0;0;0;0;0;0;0;0
ALPHA ADM CONS LTDA;90982679;202506;5;0,00000;0;0;0;0;0;0;0;0;0;0;0;0;0;0
ALPHA ADM CONS LTDA;90982679;202506;6;22,66000;1;0;0;29;312;15;326;2;186;5;150;687;1;10
APEC ADM CONSORCIO S/A;03832228;202506;1;0,00000;0;0;0;0;0;0;0;0;0;0;0;0;0;0
APEC ADM CONSORCIO S/A;03832228;202506;2;0,00000;0;0;0;0;0;0;0;0;0;0;0;0;0;0
APEC ADM CONSORCIO S/A;03832228;202506;3;14,37342;1;0;0;0;1;126;32;2;145;12;1;42;54;7
APEC ADM CONSORCIO S/A;03832228;202506;4;0,00000;0;0;0;0;0;0;0;0;0;0;0;0;0;0
APEC ADM CONSORCIO S/A;03832228;202506;5;0,00000;0;0;0;0;0;0;0;0;0;0;0;0;0;0
APEC ADM CONSORCIO S/A;03832228;202506;6;0,00000;0;0;0;0;0;0;0;0;0;0;0;0;0;0
ASSOC BAHIANA DE MEDICINA ABM;13548938;202506;1;0,00000;0;0;0;0;0;0;0;0;0;0;0;0;0;0
ASSOC BAHIANA DE MEDICINA ABM;13548938;202506;2;0,00000;0;0;0;0;0;0;0;0;0;0;0;0;0;0
ASSOC BAHIANA DE MEDICINA ABM;13548938;202506;3;10,40664;2;0;0;4;4;168;73;2;227;6;8;24;120;15
ASSOC BAHIANA DE MEDICINA ABM;13548938;202506;4;0,00000;0;0;0;0;0;0;0;0;0;0;0;0;0;0
ASSOC BAHIANA DE MEDICINA ABM;13548938;202506;5;0,00000;0;0;0;0;0;0;0;0;0;0;0;0;0;0
ASSOC BAHIANA DE MEDICINA ABM;13548938;202506;6;0,00000;0;0;0;0;0;0;0;0;0;0;0;0;0;0
ASSOC DOS JUIZES DO RS;92965748;202506;1;0,00000;0;0;0;0;0;0;0;0;0;0;0;0;0;0
ASSOC DOS JUIZES DO RS;92965748;202506;2;0,00000;0;0;0;0;0;0;0;0;0;0;0;0;0;0
ASSOC DOS JUIZES DO RS;92965748;202506;3;0,00000;4;0;0;0;1;217;182;7;399;0;0;1;87;79
ASSOC DOS JUIZES DO RS;92965748;202506;4;0,00000;0;0;0;0;0;0;0;0;0;0;0;0;0;0
ASSOC DOS JUIZES DO RS;92965748;202506;5;0,00000;0;0;0;0;0;0;0;0;0;0;0;0;0;0
ASSOC DOS JUIZES DO RS;92965748;202506;6;0,00000;0;0;0;0;0;0;0;0;0;0;0;0;0;0
BAMAQ ADM CONS LTDA;71045363;202506;1;18,99980;1;0;0;623;1057;272;3224;6;2870;23;603;4394;18;145
BAMAQ ADM CONS LTDA;71045363;202506;2;11,91076;1;0;0;5;4;880;375;15;1139;68;48;984;387;156
BAMAQ ADM CONS LTDA;71045363;202506;3;13,55839;15;0;0;5131;24325;11753;36163;388;38216;928;8772;61756;3918;2812
BAMAQ ADM CONS LTDA;71045363;202506;4;15,92123;2;0;0;4282;12106;2305;19307;136;16684;274;4654;35603;283;818
BAMAQ ADM CONS LTDA;71045363;202506;5;23,97147;1;0;0;1051;1274;612;4750;75;3286;110;1966;6582;7;416
BAMAQ ADM CONS LTDA;71045363;202506;6;21,95626;1;0;0;511;480;123;2163;20;1787;14;485;2833;1;73
BANCORBRÁS;02010478;202506;1;16,70790;18;0;0;187;1716;4024;8910;56;11984;246;704;12922;973;1039
BANCORBRÁS;02010478;202506;2;0,00000;0;0;0;0;0;0;0;0;0;0;0;0;0;0
BANCORBRÁS;02010478;202506;3;15,12577;14;0;0;354;723;3443;8907;120;10964;273;1113;6460;838;570
BANCORBRÁS;02010478;202506;4;0,00000;0;0;0;0;0;0;0;0;0;0;0;0;0;0
BANCORBRÁS;02010478;202506;5;0,00000;0;0;0;0;0;0;0;0;0;0;0;0;0;0
BANCORBRÁS;02010478;202506;6;16,89304;7;0;0;0;308;856;492;18;1046;217;85;1045;234;165
BANRISUL S.A. ADM CONSÓRCIOS;92692979;202506;1;17,71977;49;1;0;119;2674;9221;8824;112;16992;492;561;23680;2887;2460
BANRISUL S.A. ADM CONSÓRCIOS;92692979;202506;2;0,00000;0;0;0;0;0;0;0;0;0;0;0;0;0;0
BANRISUL S.A. ADM CONSÓRCIOS;92692979;202506;3;12,96336;82;0;0;324;983;35740;21136;788;53582;2245;1049;27873;12218;5180
BANRISUL S.A. ADM CONSÓRCIOS;92692979;202506;4;16,68549;7;0;0;14;96;3087;635;68;3470;199;53;2736;1256;664
BANRISUL S.A. ADM CONSÓRCIOS;92692979;202506;5;0,00000;0;0;0;0;0;0;0;0;0;0;0;0;0;0
BANRISUL S.A. ADM CONSÓRCIOS;92692979;202506;6;0,00000;0;0;0;0;0;0;0;0;0;0;0;0;0;0
BB CONSÓRCIOS;06043050;202506;1;21,42504;80;0;0;5782;106420;90506;184880;746;250621;3473;21292;193391;28125;37813
BB CONSÓRCIOS;06043050;202506;2;16,40395;73;0;0;2839;64987;122629;177695;1690;270622;9704;19998;95993;13271;41375
BB CONSÓRCIOS;06043050;202506;3;15,27001;172;3;0;18396;86750;436268;379446;7319;746735;35243;33736;239332;126888;95162
BB CONSÓRCIOS;06043050;202506;4;22,28613;39;0;0;1979;51738;145888;62683;1635;178353;22138;8080;137627;50404;20850
BB CONSÓRCIOS;06043050;202506;5;26,58430;72;0;0;771;129383;127338;33275;2373;129950;23140;7523;141279;30392;50828
BB CONSÓRCIOS;06043050;202506;6;24,01928;1;0;0;0;695;4304;0;0;3340;964;0;3458;3335;26
BBC ADM CONS LTDA.;36770683;202506;1;0,00000;0;0;0;0;0;0;0;0;0;0;0;0;0;0
BBC ADM CONS LTDA.;36770683;202506;2;0,00000;0;0;0;0;0;0;0;0;0;0;0;0;0;0
BBC ADM CONS LTDA.;36770683;202506;3;0,00000;0;0;0;0;0;0;0;0;0;0;0;0;0;0
BBC ADM CONS LTDA.;36770683;202506;4;0,00000;0;0;0;0;0;0;0;0;0;0;0;0;0;0
BBC ADM CONS LTDA.;36770683;202506;5;0,00000;0;0;0;0;0;0;0;0;0;0;0;0;0;0
BBC ADM CONS LTDA.;36770683;202506;6;0,00000;0;0;0;0;0;0;0;0;0;0;0;0;0;0
BP;06181431;202506;1;24,93484;5;0;0;86;1265;134;1183;5;985;22;310;5084;0;68
BP;06181431;202506;2;19,99000;1;0;0;19;347;12;234;1;211;1;34;623;0;5
BP;06181431;202506;3;22,80000;2;0;0;41;1168;259;411;6;507;71;92;7255;9;40
BP;06181431;202506;4;40,04000;22;0;0;67;702;4460;3428;98;6975;537;376;3839;1340;558
BP;06181431;202506;5;0,00000;0;0;0;0;0;0;0;0;0;0;0;0;0;0
BP;06181431;202506;6;0,00000;0;0;0;0;0;0;0;0;0;0;0;0;0;0
BR CONSÓRCIOS ADM. CONS. LTDA.;14723388;202506;1;19,83948;34;1;2;565;1935;8848;16278;134;22909;557;1660;31405;2563;2539
BR CONSÓRCIOS ADM. CONS. LTDA.;14723388;202506;2;0,00000;0;0;0;0;0;0;0;0;0;0;0;0;0;0
BR CONSÓRCIOS ADM. CONS. LTDA.;14723388;202506;3;15,43591;40;0;3;817;991;19631;16411;484;32682;1437;1923;20092;6461;2245
BR CONSÓRCIOS ADM. CONS. LTDA.;14723388;202506;4;17,13627;11;0;2;155;223;3021;2794;112;5103;255;457;2917;800;580
BR CONSÓRCIOS ADM. CONS. LTDA.;14723388;202506;5;7,28821;68;2;1;600;950;9705;4190;536;12998;885;12;1115;7654;1866
BR CONSÓRCIOS ADM. CONS. LTDA.;14723388;202506;6;19,70505;6;0;1;55;65;564;565;32;932;111;86;459;70;111
BRADESCO CONS. LTDA.;52568821;202506;1;19,40064;402;10;1;17039;62387;138068;153000;2055;271757;4819;14492;464194;50007;25534
BRADESCO CONS. LTDA.;52568821;202506;2;18,27012;335;1;2;3135;30526;83020;61893;1778;133250;5642;6021;172130;24272;8979
BRADESCO CONS. LTDA.;52568821;202506;3;16,12430;2184;17;23;18607;97709;749929;418815;17384;1084413;48827;35504;1235134;256057;81385
BRADESCO CONS. LTDA.;52568821;202506;4;17,93878;29;1;0;253;1320;5267;4401;197;9127;246;295;6510;1528;979
BRADESCO CONS. LTDA.;52568821;202506;5;0,00000;0;0;0;0;0;0;0;0;0;0;0;0;0;0
BRADESCO CONS. LTDA.;52568821;202506;6;0,00000;0;0;0;0;0;0;0;0;0;0;0;0;0;0
BREITKOPF ADM CONS LTDA;73235962;202506;1;23,23656;2;0;0;42;196;106;1382;4;1353;12;123;810;0;36
BREITKOPF ADM CONS LTDA;73235962;202506;2;11,37660;2;0;0;7;27;441;314;12;670;54;31;281;103;104
BREITKOPF ADM CONS LTDA;73235962;202506;3;13,18790;20;0;0;65;113;1495;1477;50;2706;153;113;1002;592;339
BREITKOPF ADM CONS LTDA;73235962;202506;4;15,54640;6;0;0;13;68;807;323;13;1016;68;46;708;443;141
BREITKOPF ADM CONS LTDA;73235962;202506;5;0,00000;0;0;0;0;0;0;0;0;0;0;0;0;0;0
BREITKOPF ADM CONS LTDA;73235962;202506;6;0,00000;0;0;0;0;0;0;0;0;0;0;0;0;0;0
BRENNER ADM CONS LTDA;03762395;202506;1;0,00000;0;0;0;0;0;0;0;0;0;0;0;0;0;0
BRENNER ADM CONS LTDA;03762395;202506;2;0,00000;0;0;0;0;0;0;0;0;0;0;0;0;0;0
BRENNER ADM CONS LTDA;03762395;202506;3;0,00000;0;0;0;0;0;0;0;0;0;0;0;0;0;0
BRENNER ADM CONS LTDA;03762395;202506;4;16,26168;38;1;0;58;649;2411;1269;53;3425;110;145;2284;914;155
BRENNER ADM CONS LTDA;03762395;202506;5;0,00000;0;0;0;0;0;0;0;0;0;0;0;0;0;0
BRENNER ADM CONS LTDA;03762395;202506;6;0,00000;0;0;0;0;0;0;0;0;0;0;0;0;0;0
BRISA ADM CONSÓRCIOS;06046109;202506;1;0,00000;0;0;0;0;0;0;0;0;0;0;0;0;0;0
BRISA ADM CONSÓRCIOS;06046109;202506;2;13,28730;9;0;0;71;111;462;2305;20;2458;74;235;543;8;92
BRISA ADM CONSÓRCIOS;06046109;202506;3;0,00000;0;0;0;0;0;0;0;0;0;0;0;0;0;0
BRISA ADM CONSÓRCIOS;06046109;202506;4;0,00000;0;0;0;0;0;0;0;0;0;0;0;0;0;0
BRISA ADM CONSÓRCIOS;06046109;202506;5;0,00000;0;0;0;0;0;0;0;0;0;0;0;0;0;0
BRISA ADM CONSÓRCIOS;06046109;202506;6;0,00000;0;0;0;0;0;0;0;0;0;0;0;0;0;0
BRQUALY ADM CONS LTDA.;45713971;202506;1;0,00000;0;0;0;0;0;0;0;0;0;0;0;0;0;0
BRQUALY ADM CONS LTDA.;45713971;202506;2;12,35567;5;0;0;0;20;1409;71;3;1339;131;10;655;1023;341
BRQUALY ADM CONS LTDA.;45713971;202506;3;0,00000;0;0;0;0;0;0;0;0;0;0;0;0;0;0
BRQUALY ADM CONS LTDA.;45713971;202506;4;0,00000;0;0;0;0;0;0;0;0;0;0;0;0;0;0
BRQUALY ADM CONS LTDA.;45713971;202506;5;0,00000;0;0;0;0;0;0;0;0;0;0;0;0;0;0
BRQUALY ADM CONS LTDA.;45713971;202506;6;0,00000;0;0;0;0;0;0;0;0;0;0;0;0;0;0
CAMVEL ADM. CONS. LTDA.;72461643;202506;1;0,00000;0;0;0;0;0;0;0;0;0;0;0;0;0;0
CAMVEL ADM. CONS. LTDA.;72461643;202506;2;0,00000;0;0;0;0;0;0;0;0;0;0;0;0;0;0
CAMVEL ADM. CONS. LTDA.;72461643;202506;3;15,39550;5;0;0;7;417;543;696;8;972;70;197;799;159;47
CAMVEL ADM. CONS. LTDA.;72461643;202506;4;17,00000;4;0;0;7;293;259;186;3;364;27;54;318;127;19
CAMVEL ADM. CONS. LTDA.;72461643;202506;5;0,00000;0;0;0;0;0;0;0;0;0;0;0;0;0;0
CAMVEL ADM. CONS. LTDA.;72461643;202506;6;17,00000;2;0;0;4;193;199;132;4;235;53;43;257;47;26
CANOPUS ADM CONSÓRCIOS;68318773;202506;1;23,77960;8;0;0;610;3020;1926;10024;49;9751;233;1966;15975;557;739
CANOPUS ADM CONSÓRCIOS;68318773;202506;2;13,49077;0;0;1;23;0;934;691;16;1423;112;90;1216;470;166
CANOPUS ADM CONSÓRCIOS;68318773;202506;3;18,47039;74;0;1;2079;3161;40690;31587;641;61120;5049;6108;73754;22041;4016
CANOPUS ADM CONSÓRCIOS;68318773;202506;4;22,89143;6;0;0;75;302;3754;1214;56;4238;473;257;5446;2342;420
CANOPUS ADM CONSÓRCIOS;68318773;202506;5;24,88302;1;0;0;0;329;257;8;3;203;58;4;329;145;37
CANOPUS ADM CONSÓRCIOS;68318773;202506;6;26,23601;3;0;0;4;63;2028;609;35;1897;612;128;2641;849;186
CARLESSI ADM CONS LTDA;95783262;202506;1;0,00000;0;0;0;0;0;0;0;0;0;0;0;0;0;0
CARLESSI ADM CONS LTDA;95783262;202506;2;0,00000;0;0;0;0;0;0;0;0;0;0;0;0;0;0
CARLESSI ADM CONS LTDA;95783262;202506;3;14,80147;7;0;0;21;298;941;646;27;1375;112;100;983;266;191
CARLESSI ADM CONS LTDA;95783262;202506;4;17,23106;4;0;0;17;83;490;447;11;794;67;76;537;141;102
CARLESSI ADM CONS LTDA;95783262;202506;5;20,38157;8;0;0;54;294;1065;1388;20;2009;227;217;1620;162;581
CARLESSI ADM CONS LTDA;95783262;202506;6;0,00000;0;0;0;0;0;0;0;0;0;0;0;0;0;0
CICAL ADM DE CONS LTDA;00266031;202506;1;0,00000;0;0;0;0;0;0;0;0;0;0;0;0;0;0
CICAL ADM DE CONS LTDA;00266031;202506;2;0,00000;0;0;0;0;0;0;0;0;0;0;0;0;0;0
CICAL ADM DE CONS LTDA;00266031;202506;3;15,97170;8;0;0;23;183;513;636;16;953;70;126;823;97;71
CICAL ADM DE CONS LTDA;00266031;202506;4;16,43650;4;0;0;1;168;403;117;4;438;55;27;530;225;39
CICAL ADM DE CONS LTDA;00266031;202506;5;0,00000;0;0;0;0;0;0;0;0;0;0;0;0;0;0
CICAL ADM DE CONS LTDA;00266031;202506;6;0,00000;0;0;0;0;0;0;0;0;0;0;0;0;0;0
CIMAVEL ADM CONS;13170428;202506;1;20,00000;1;0;0;2;241;124;35;0;142;17;0;1242;58;37
CIMAVEL ADM CONS;13170428;202506;2;0,00000;0;0;0;0;0;0;0;0;0;0;0;0;0;0
CIMAVEL ADM CONS;13170428;202506;3;16,93141;6;0;1;52;463;1082;930;28;1907;74;31;3193;373;139
CIMAVEL ADM CONS;13170428;202506;4;0,00000;0;0;0;0;0;0;0;0;0;0;0;0;0;0
CIMAVEL ADM CONS;13170428;202506;5;0,00000;0;0;0;0;0;0;0;0;0;0;0;0;0;0
CIMAVEL ADM CONS;13170428;202506;6;0,00000;0;0;0;0;0;0;0;0;0;0;0;0;0;0
CLUBE NAVAL;33868654;202506;1;0,00000;0;0;0;0;0;0;0;0;0;0;0;0;0;0
CLUBE NAVAL;33868654;202506;2;0,00000;0;0;0;0;0;0;0;0;0;0;0;0;0;0
CLUBE NAVAL;33868654;202506;3;6,50000;7;0;0;0;18;571;289;13;841;11;8;18;220;246
CLUBE NAVAL;33868654;202506;4;0,00000;0;0;0;0;0;0;0;0;0;0;0;0;0;0
CLUBE NAVAL;33868654;202506;5;0,00000;0;0;0;0;0;0;0;0;0;0;0;0;0;0
CLUBE NAVAL;33868654;202506;6;0,00000;0;0;0;0;0;0;0;0;0;0;0;0;0;0
CNF CONS NAC LTDA;59129403;202506;1;0,00000;0;0;0;0;0;0;0;0;0;0;0;0;0;0
CNF CONS NAC LTDA;59129403;202506;2;13,44255;0;0;0;0;0;44;3;0;42;5;0;41;25;15
CNF CONS NAC LTDA;59129403;202506;3;16,33940;14;0;0;13;256;4595;790;30;4727;533;125;6594;2413;953
CNF CONS NAC LTDA;59129403;202506;4;0,00000;0;0;0;0;0;0;0;0;0;0;0;0;0;0
CNF CONS NAC LTDA;59129403;202506;5;0,00000;0;0;0;0;0;0;0;0;0;0;0;0;0;0
CNF CONS NAC LTDA;59129403;202506;6;0,00000;0;0;0;0;0;0;0;0;0;0;0;0;0;0
CNP CONSORCIO S.A. ADM CONS;05349595;202506;1;18,92873;41;1;0;1102;61720;29968;24794;315;50526;2345;1891;118724;9037;6806
CNP CONSORCIO S.A. ADM CONS;05349595;202506;2;14,97237;1;0;0;52;232;45;259;1;263;8;33;232;7;18
CNP CONSORCIO S.A. ADM CONS;05349595;202506;3;15,95530;50;0;2;393;20941;43747;5812;351;43762;4874;923;44342;21719;5727
CNP CONSORCIO S.A. ADM CONS;05349595;202506;4;0,00000;0;0;0;0;0;0;0;0;0;0;0;0;0;0
CNP CONSORCIO S.A. ADM CONS;05349595;202506;5;0,00000;0;0;0;0;0;0;0;0;0;0;0;0;0;0
CNP CONSORCIO S.A. ADM CONS;05349595;202506;6;0,00000;0;0;0;0;0;0;0;0;0;0;0;0;0;0
COIMEX ADM CONS S.A.;27268770;202506;1;12,45879;29;0;0;840;4567;3070;17797;96;18925;203;1739;18882;390;1056
COIMEX ADM CONS S.A.;27268770;202506;2;12,24000;1;0;0;2;14;4;44;0;42;1;5;22;0;1
COIMEX ADM CONS S.A.;27268770;202506;3;11,31836;30;0;0;1412;2665;6873;18019;239;21668;854;2370;14948;1412;1159
COIMEX ADM CONS S.A.;27268770;202506;4;11,27707;8;0;0;403;1341;3141;6174;104;8039;310;966;6254;1169;579
COIMEX ADM CONS S.A.;27268770;202506;5;0,00000;0;0;0;0;0;0;0;0;0;0;0;9;0;0
COIMEX ADM CONS S.A.;27268770;202506;6;9,95641;2;0;0;31;298;300;354;15;544;37;73;497;84;83
CONBR ADM CONS S.A.;75770164;202506;1;0,00000;0;0;0;0;0;0;0;0;0;0;0;0;0;0
CONBR ADM CONS S.A.;75770164;202506;2;13,08070;16;0;0;86;180;1986;1408;26;3092;159;143;1737;644;647
CONBR ADM CONS S.A.;75770164;202506;3;14,94426;7;1;0;52;97;128;769;6;802;8;87;281;9;74
CONBR ADM CONS S.A.;75770164;202506;4;0,00000;0;0;0;0;0;0;0;0;0;0;0;0;0;0
CONBR ADM CONS S.A.;75770164;202506;5;0,00000;0;0;0;0;0;0;0;0;0;0;0;0;0;0
CONBR ADM CONS S.A.;75770164;202506;6;0,00000;0;0;0;0;0;0;0;0;0;0;0;0;0;0
CONBRAV ADM CONS LTDA;07336852;202506;1;0,00000;0;0;0;0;0;0;0;0;0;0;0;0;0;0
CONBRAV ADM CONS LTDA;07336852;202506;2;0,00000;0;0;0;0;0;0;0;0;0;0;0;0;0;0
CONBRAV ADM CONS LTDA;07336852;202506;3;17,89032;10;0;0;49;667;852;564;15;1227;121;68;1804;381;86
CONBRAV ADM CONS LTDA;07336852;202506;4;19,42699;16;0;0;105;651;2170;1478;48;3121;381;146;4452;713;258
CONBRAV ADM CONS LTDA;07336852;202506;5;0,00000;0;0;0;0;0;0;0;0;0;0;0;0;0;0
CONBRAV ADM CONS LTDA;07336852;202506;6;0,00000;0;0;0;0;0;0;0;0;0;0;0;0;0;0
CONESUL ADM CONS LTDA;92459213;202506;1;0,00000;0;0;0;0;0;0;0;0;0;0;0;0;0;0
CONESUL ADM CONS LTDA;92459213;202506;2;0,00000;0;0;0;0;0;0;0;0;0;0;0;0;0;0
CONESUL ADM CONS LTDA;92459213;202506;3;13,92590;2;0;0;0;57;230;34;0;209;21;34;194;143;25
CONESUL ADM CONS LTDA;92459213;202506;4;0,00000;0;0;0;0;0;0;0;0;0;0;0;0;0;0
CONESUL ADM CONS LTDA;92459213;202506;5;0,00000;0;0;0;0;0;0;0;0;0;0;0;0;0;0
CONESUL ADM CONS LTDA;92459213;202506;6;0,00000;0;0;0;0;0;0;0;0;0;0;0;0;0;0
CONS. NACIONAL VOLKSWAGEN LTDA.;47658539;202506;1;0,00000;0;0;0;0;0;0;0;0;0;0;0;0;0;0
CONS. NACIONAL VOLKSWAGEN LTDA.;47658539;202506;2;12,87009;2;0;0;134;849;138;1153;10;1173;13;105;1541;1;52
CONS. NACIONAL VOLKSWAGEN LTDA.;47658539;202506;3;20,15512;170;2;6;6006;60933;25880;49853;454;63727;4190;7816;122049;10187;3293
CONS. NACIONAL VOLKSWAGEN LTDA.;47658539;202506;4;20,97297;0;0;0;0;0;2870;201;29;2466;554;51;6277;1467;263
CONS. NACIONAL VOLKSWAGEN LTDA.;47658539;202506;5;0,00000;0;0;0;0;0;0;0;0;0;0;0;0;0;0
CONS. NACIONAL VOLKSWAGEN LTDA.;47658539;202506;6;0,00000;0;0;0;0;0;0;0;0;0;0;0;0;0;0
CONSCLIC ADM CONS LTDA.;56103171;202506;1;16,54750;1;1;0;179;0;2;177;2;178;0;1;0;0;2
CONSCLIC ADM CONS LTDA.;56103171;202506;2;14,00000;1;1;0;546;0;4;542;4;546;0;0;0;0;3
CONSCLIC ADM CONS LTDA.;56103171;202506;3;16,15280;1;0;0;34;30;25;276;3;275;1;25;37;0;17
CONSCLIC ADM CONS LTDA.;56103171;202506;4;0,00000;0;0;0;0;0;0;0;0;0;0;0;0;0;0
CONSCLIC ADM CONS LTDA.;56103171;202506;5;17,86900;1;0;0;0;14;53;92;4;132;8;5;14;0;22
CONSCLIC ADM CONS LTDA.;56103171;202506;6;17,68570;1;0;0;3;4;17;53;3;58;2;10;4;0;7
CONSHOP ADM. CONS. LTDA;44196293;202506;1;14,28149;7;0;2;4;261;1250;439;5;1555;41;91;816;1077;106
CONSHOP ADM. CONS. LTDA;44196293;202506;2;0,00000;0;0;0;0;0;0;0;0;0;0;0;0;0;0
CONSHOP ADM. CONS. LTDA;44196293;202506;3;12,12461;36;1;3;31;1192;1332;863;16;1650;189;351;1441;710;280
CONSHOP ADM. CONS. LTDA;44196293;202506;4;10,54851;3;0;0;0;173;192;36;1;197;15;16;306;147;43
CONSHOP ADM. CONS. LTDA;44196293;202506;5;0,00000;0;0;0;0;0;0;0;0;0;0;0;0;0;0
CONSHOP ADM. CONS. LTDA;44196293;202506;6;0,00000;0;0;0;0;0;0;0;0;0;0;0;0;0;0
CONSORCIO GAZIN;06044551;202506;1;21,43476;7;0;0;382;2272;928;5537;23;4990;96;1379;10240;101;414
CONSORCIO GAZIN;06044551;202506;2;0,00000;0;0;0;0;0;0;0;0;0;0;0;0;0;0
CONSORCIO GAZIN;06044551;202506;3;14,80855;27;1;0;1213;699;16372;14990;441;27120;1649;2593;20580;4714;1835
CONSORCIO GAZIN;06044551;202506;4;20,22275;20;0;0;652;472;11660;10802;301;18679;1382;2401;21981;3402;1296
CONSORCIO GAZIN;06044551;202506;5;14,09898;7;0;0;419;1551;3157;3599;181;5471;548;737;5045;796;731
CONSORCIO GAZIN;06044551;202506;6;21,49660;4;0;0;72;417;1166;523;50;1328;248;113;1267;513;167
CONSORCIO NACIONAL NANUQUE;05652765;202506;1;0,00000;0;0;0;0;0;0;0;0;0;0;0;0;0;0
CONSORCIO NACIONAL NANUQUE;05652765;202506;2;0,00000;0;0;0;0;0;0;0;0;0;0;0;0;0;0
CONSORCIO NACIONAL NANUQUE;05652765;202506;3;15,43142;6;0;0;85;184;1339;1438;26;2360;204;213;3254;450;122
CONSORCIO NACIONAL NANUQUE;05652765;202506;4;21,92411;9;0;1;81;65;3355;1021;36;3633;545;198;5976;1690;235
CONSORCIO NACIONAL NANUQUE;05652765;202506;5;0,00000;0;0;0;0;0;0;0;0;0;0;0;0;0;0
CONSORCIO NACIONAL NANUQUE;05652765;202506;6;0,00000;0;0;0;0;0;0;0;0;0;0;0;0;0;0
CONSORCIO VOLVO;74118381;202506;1;0,00000;0;0;0;0;0;0;0;0;0;0;0;0;0;0
CONSORCIO VOLVO;74118381;202506;2;12,81108;30;0;0;214;37;6827;7329;109;13159;436;561;3279;2367;1186
CONSORCIO VOLVO;74118381;202506;3;0,00000;0;0;0;0;0;0;0;0;0;0;0;0;0;0
CONSORCIO VOLVO;74118381;202506;4;0,00000;0;0;0;0;0;0;0;0;0;0;0;0;0;0
CONSORCIO VOLVO;74118381;202506;5;0,00000;0;0;0;0;0;0;0;0;0;0;0;0;0;0
CONSORCIO VOLVO;74118381;202506;6;0,00000;0;0;0;0;0;0;0;0;0;0;0;0;0;0
CONSÓRCIO RESERVA;28904092;202506;1;23,87599;3;0;0;323;2165;131;1256;3;1046;39;302;11333;2;52
CONSÓRCIO RESERVA;28904092;202506;2;21,41250;4;0;0;204;4159;333;1227;8;1215;96;249;16261;13;52
CONSÓRCIO RESERVA;28904092;202506;3;18,61623;8;0;0;187;8058;825;728;33;1139;226;188;31891;137;179
CONSÓRCIO RESERVA;28904092;202506;4;22,34483;1;0;0;150;2107;121;430;15;412;34;105;5330;5;80
CONSÓRCIO RESERVA;28904092;202506;5;0,00000;0;0;0;0;0;0;0;0;0;0;0;0;0;0
CONSÓRCIO RESERVA;28904092;202506;6;19,50000;1;0;0;3;728;28;4;1;24;6;2;1382;9;10
CONVEF ADM CONS LTDA.;58919903;202506;1;19,90071;5;0;0;13;529;1888;883;18;2522;171;78;10998;783;283
CONVEF ADM CONS LTDA.;58919903;202506;2;16,44444;0;0;0;0;97;124;47;0;141;23;7;255;57;2
CONVEF ADM CONS LTDA.;58919903;202506;3;15,72500;11;0;0;116;1803;5137;3297;74;7520;466;448;7738;3047;359
CONVEF ADM CONS LTDA.;58919903;202506;4;20,56041;1;0;0;0;123;389;0;0;370;19;0;522;368;1
CONVEF ADM CONS LTDA.;58919903;202506;5;0,00000;0;0;0;0;0;0;0;0;0;0;0;0;0;0
CONVEF ADM CONS LTDA.;58919903;202506;6;0,00000;0;0;0;0;0;0;0;0;0;0;0;0;0;0
COOPERATIVA MISTA ROMA (ANTIGA JOCKEY) - PROIBIDA;61550836;202506;1;23,10169;8;0;0;238;2200;449;3552;8;2832;73;1096;17136;20;139
COOPERATIVA MISTA ROMA (ANTIGA JOCKEY) - PROIBIDA;61550836;202506;2;22,43000;5;0;0;50;2961;462;1312;6;1218;132;424;12418;29;51
COOPERATIVA MISTA ROMA (ANTIGA JOCKEY) - PROIBIDA;61550836;202506;3;17,24000;11;0;0;449;7179;3216;5668;65;5966;783;2135;45846;844;259
COOPERATIVA MISTA ROMA (ANTIGA JOCKEY) - PROIBIDA;61550836;202506;4;0,00000;0;0;0;0;0;0;0;0;0;0;0;0;0;0
COOPERATIVA MISTA ROMA (ANTIGA JOCKEY) - PROIBIDA;61550836;202506;5;18,46000;1;0;0;6;173;32;168;0;60;13;127;219;0;7
COOPERATIVA MISTA ROMA (ANTIGA JOCKEY) - PROIBIDA;61550836;202506;6;20,99000;1;0;0;10;207;14;189;1;165;1;37;252;0;2
DESTAQUE ADM. CONS. LTDA;05794450;202506;1;0,00000;0;0;0;0;0;0;0;0;0;0;0;0;0;0
DESTAQUE ADM. CONS. LTDA;05794450;202506;2;0,00000;0;0;0;0;0;0;0;0;0;0;0;0;0;0
DESTAQUE ADM. CONS. LTDA;05794450;202506;3;14,96410;5;1;0;110;163;313;606;11;774;47;98;804;85;60
DESTAQUE ADM. CONS. LTDA;05794450;202506;4;0,00000;0;0;0;0;0;0;0;0;0;0;0;0;0;0
DESTAQUE ADM. CONS. LTDA;05794450;202506;5;0,00000;0;0;0;0;0;0;0;0;0;0;0;0;0;0
DESTAQUE ADM. CONS. LTDA;05794450;202506;6;0,00000;0;0;0;0;0;0;0;0;0;0;0;0;0;0
DISAL  ADM CONS LTDA;59395061;202506;1;18,29800;2;0;0;0;676;321;3;0;290;34;0;1659;217;16
DISAL  ADM CONS LTDA;59395061;202506;2;0,00000;0;0;0;0;0;0;0;0;0;0;0;0;0;0
DISAL  ADM CONS LTDA;59395061;202506;3;19,14342;273;0;4;5622;124783;64710;73818;1065;115565;9340;13623;280822;20099;8345
DISAL  ADM CONS LTDA;59395061;202506;4;18,79401;0;0;0;0;0;1871;473;18;1942;285;117;6967;725;225
DISAL  ADM CONS LTDA;59395061;202506;5;0,00000;0;0;0;0;0;0;0;0;0;0;0;0;0;0
DISAL  ADM CONS LTDA;59395061;202506;6;0,00000;0;0;0;0;0;0;0;0;0;0;0;0;0;0
ELDORADO ADM CONSORCIO;08570707;202506;1;19,00850;2;0;0;34;92;241;394;3;551;50;34;1137;53;35
ELDORADO ADM CONSORCIO;08570707;202506;2;0,00000;0;0;0;0;0;0;0;0;0;0;0;0;0;0
ELDORADO ADM CONSORCIO;08570707;202506;3;16,84467;14;1;0;109;965;1904;1442;35;2989;234;123;3387;891;126
ELDORADO ADM CONSORCIO;08570707;202506;4;18,67236;10;0;0;41;1119;1658;802;29;2152;224;84;3109;748;153
ELDORADO ADM CONSORCIO;08570707;202506;5;16,87500;0;0;0;0;0;8;0;0;8;0;0;15;6;0
ELDORADO ADM CONSORCIO;08570707;202506;6;24,58774;3;0;0;21;97;163;196;7;295;37;27;291;23;30
EMBRACON ADM CONS S.A.;58113812;202506;1;20,98993;103;1;0;6865;4320;35648;95203;659;118280;2571;10000;236570;12029;9807
EMBRACON ADM CONS S.A.;58113812;202506;2;12,57471;28;0;0;573;1621;4543;7104;124;10171;481;995;5883;1126;862
EMBRACON ADM CONS S.A.;58113812;202506;3;14,72146;111;1;1;6185;3292;50912;75309;1362;111946;4735;9540;120622;21314;7619
EMBRACON ADM CONS S.A.;58113812;202506;4;16,64015;21;0;0;682;509;7936;9301;270;15179;750;1308;17651;2719;1555
EMBRACON ADM CONS S.A.;58113812;202506;5;0,00000;0;0;0;0;0;0;0;0;0;0;0;0;0;0
EMBRACON ADM CONS S.A.;58113812;202506;6;14,77695;10;1;0;247;297;2227;2198;116;3790;322;313;2308;729;491
EUTBEM ADM CONS S.A.;40513064;202506;1;16,49900;1;0;0;28;40;2;238;0;137;0;103;53;0;2
EUTBEM ADM CONS S.A.;40513064;202506;2;0,00000;0;0;0;0;0;0;0;0;0;0;0;0;0;0
EUTBEM ADM CONS S.A.;40513064;202506;3;22,78400;3;0;0;232;147;50;1118;2;821;2;345;832;1;26
EUTBEM ADM CONS S.A.;40513064;202506;4;0,00000;0;0;0;0;0;0;0;0;0;0;0;0;0;0
EUTBEM ADM CONS S.A.;40513064;202506;5;0,00000;0;0;0;0;0;0;0;0;0;0;0;0;0;0
EUTBEM ADM CONS S.A.;40513064;202506;6;17,66000;1;0;0;0;72;47;0;0;31;16;0;80;24;2
EVOY ADM CONS LTDA.;42735881;202506;1;23,91211;1;0;0;400;1410;52;3173;1;1606;1;1618;1956;0;30
EVOY ADM CONS LTDA.;42735881;202506;2;25,94348;1;0;0;137;1027;21;774;1;419;5;371;1113;0;15
EVOY ADM CONS LTDA.;42735881;202506;3;24,75038;3;0;0;802;9295;342;6378;23;3104;39;3577;13680;15;169
EVOY ADM CONS LTDA.;42735881;202506;4;0,00000;0;0;0;0;0;0;0;0;0;0;0;0;0;0
EVOY ADM CONS LTDA.;42735881;202506;5;20,32036;1;0;0;1;116;8;48;1;24;0;32;116;0;7
EVOY ADM CONS LTDA.;42735881;202506;6;21,59294;3;0;0;79;613;14;410;1;197;2;225;626;0;6
FANCAR ADM CONS LTDA.;11747606;202506;1;0,00000;0;0;0;0;0;0;0;0;0;0;0;0;0;0
FANCAR ADM CONS LTDA.;11747606;202506;2;0,00000;0;0;0;0;0;0;0;0;0;0;0;0;0;0
FANCAR ADM CONS LTDA.;11747606;202506;3;13,17450;20;1;0;118;376;1603;1173;31;2487;144;145;1346;829;164
FANCAR ADM CONS LTDA.;11747606;202506;4;0,00000;0;0;0;0;0;0;0;0;0;0;0;0;0;0
FANCAR ADM CONS LTDA.;11747606;202506;5;0,00000;0;0;0;0;0;0;0;0;0;0;0;0;0;0
FANCAR ADM CONS LTDA.;11747606;202506;6;0,00000;0;0;0;0;0;0;0;0;0;0;0;0;0;0
FARROUPILHA ADM CONS LTDA;91107581;202506;1;23,72458;4;0;0;88;8437;1186;1920;8;2598;170;338;20224;396;309
FARROUPILHA ADM CONS LTDA;91107581;202506;2;0,00000;0;0;0;0;0;0;0;0;0;0;0;0;0;0
FARROUPILHA ADM CONS LTDA;91107581;202506;3;19,34216;9;0;0;54;2235;1004;841;11;1473;194;178;4201;319;172
FARROUPILHA ADM CONS LTDA;91107581;202506;4;13,50799;287;0;0;0;2131;40544;2248;15;39148;3639;5;3775;38474;68
FARROUPILHA ADM CONS LTDA;91107581;202506;5;20,77864;4;0;0;0;3954;2174;492;30;2167;430;69;6398;1229;314
FARROUPILHA ADM CONS LTDA;91107581;202506;6;0,00000;0;0;0;0;0;0;0;0;0;0;0;0;0;0
FED.NAC.ASSOC.SERV.BCO CENTRAL;33350620;202506;1;0,00000;0;0;0;0;0;0;0;0;0;0;0;0;0;0
FED.NAC.ASSOC.SERV.BCO CENTRAL;33350620;202506;2;0,00000;0;0;0;0;0;0;0;0;0;0;0;0;0;0
FED.NAC.ASSOC.SERV.BCO CENTRAL;33350620;202506;3;7,00000;1;0;0;0;4;54;15;2;67;2;0;6;15;13
FED.NAC.ASSOC.SERV.BCO CENTRAL;33350620;202506;4;0,00000;0;0;0;0;0;0;0;0;0;0;0;0;0;0
FED.NAC.ASSOC.SERV.BCO CENTRAL;33350620;202506;5;7,00000;1;0;0;0;0;7;20;1;25;0;2;0;0;3
FED.NAC.ASSOC.SERV.BCO CENTRAL;33350620;202506;6;0,00000;0;0;0;0;0;0;0;0;0;0;0;0;0;0
FERRAZ CONSORCIOS;00600262;202506;1;0,00000;0;0;0;0;0;0;0;0;0;0;0;0;0;0
FERRAZ CONSORCIOS;00600262;202506;2;0,00000;0;0;0;0;0;0;0;0;0;0;0;0;0;0
FERRAZ CONSORCIOS;00600262;202506;3;12,00000;4;0;0;1;4;452;192;8;578;48;18;119;250;49
FERRAZ CONSORCIOS;00600262;202506;4;0,00000;0;0;0;0;0;0;0;0;0;0;0;0;0;0
FERRAZ CONSORCIOS;00600262;202506;5;0,00000;0;0;0;0;0;0;0;0;0;0;0;0;0;0
FERRAZ CONSORCIOS;00600262;202506;6;0,00000;0;0;0;0;0;0;0;0;0;0;0;0;0;0
FINAMA ADM CONS LTDA;45725975;202506;1;0,00000;0;0;0;0;0;0;0;0;0;0;0;0;0;0
FINAMA ADM CONS LTDA;45725975;202506;2;0,00000;0;0;0;0;0;0;0;0;0;0;0;0;0;0
FINAMA ADM CONS LTDA;45725975;202506;3;18,54959;6;1;0;66;273;375;593;16;831;50;87;733;89;56
FINAMA ADM CONS LTDA;45725975;202506;4;17,66019;22;0;0;88;1308;2232;1423;53;3184;212;259;3518;1083;230
FINAMA ADM CONS LTDA;45725975;202506;5;0,00000;0;0;0;0;0;0;0;0;0;0;0;0;0;0
FINAMA ADM CONS LTDA;45725975;202506;6;0,00000;0;0;0;0;0;0;0;0;0;0;0;0;0;0
FIPAL;78688462;202506;1;18,45391;3;0;0;21;173;494;1264;5;1600;77;81;856;122;115
FIPAL;78688462;202506;2;0,00000;0;0;0;0;0;0;0;0;0;0;0;0;0;0
FIPAL;78688462;202506;3;13,24260;19;0;0;39;327;1571;1881;59;3056;216;180;1114;378;235
FIPAL;78688462;202506;4;15,63690;1;0;0;0;21;477;16;1;463;24;6;197;394;11
FIPAL;78688462;202506;5;0,00000;0;0;0;0;0;0;0;0;0;0;0;0;0;0
FIPAL;78688462;202506;6;17,79370;1;0;0;0;31;46;17;2;48;11;4;42;13;10
FUNDACAO HAB. DO EXERCITO-FHE;00643742;202506;1;9,55927;26;0;0;159;72;9938;5644;90;15178;188;216;4683;5127;2384
FUNDACAO HAB. DO EXERCITO-FHE;00643742;202506;2;0,00000;0;0;0;0;0;0;0;0;0;0;0;0;0;0
FUNDACAO HAB. DO EXERCITO-FHE;00643742;202506;3;8,04712;15;0;0;90;35;3963;1711;57;5413;178;83;851;1998;678
FUNDACAO HAB. DO EXERCITO-FHE;00643742;202506;4;7,87872;16;0;0;106;49;4428;1859;58;5998;162;127;965;2565;861
FUNDACAO HAB. DO EXERCITO-FHE;00643742;202506;5;0,00000;0;0;0;0;0;0;0;0;0;0;0;0;0;0
FUNDACAO HAB. DO EXERCITO-FHE;00643742;202506;6;9,50000;4;0;0;0;6;369;57;4;392;31;3;104;187;108
GAMBATTO ADM CONS LTDA;82942400;202506;1;0,00000;0;0;0;0;0;0;0;0;0;0;0;0;0;0
GAMBATTO ADM CONS LTDA;82942400;202506;2;0,00000;0;0;0;0;0;0;0;0;0;0;0;0;0;0
GAMBATTO ADM CONS LTDA;82942400;202506;3;2,04810;23;1;0;63;163;1758;1090;29;2554;131;163;195;896;68
GAMBATTO ADM CONS LTDA;82942400;202506;4;6,99440;15;0;0;7;487;782;469;18;1066;88;97;505;249;63
GAMBATTO ADM CONS LTDA;82942400;202506;5;0,00000;0;0;0;0;0;0;0;0;0;0;0;0;0;0
GAMBATTO ADM CONS LTDA;82942400;202506;6;0,00000;0;0;0;0;0;0;0;0;0;0;0;0;0;0
GAP ADM CONS LTDA.;45700892;202506;1;10,83041;12;0;0;8;257;1079;578;0;1280;311;66;316;704;3
GAP ADM CONS LTDA.;45700892;202506;2;10,04344;63;0;0;183;385;6391;2979;26;8333;824;213;534;3924;24
GAP ADM CONS LTDA.;45700892;202506;3;0,00000;0;0;0;0;0;0;0;0;0;0;0;0;0;0
GAP ADM CONS LTDA.;45700892;202506;4;0,00000;0;0;0;0;0;0;0;0;0;0;0;0;0;0
GAP ADM CONS LTDA.;45700892;202506;5;0,00000;0;0;0;0;0;0;0;0;0;0;0;0;0;0
GAP ADM CONS LTDA.;45700892;202506;6;0,00000;0;0;0;0;0;0;0;0;0;0;0;0;0;0
GAPLAN ADM CONS LTDA;47820097;202506;1;0,00000;0;0;0;0;0;0;0;0;0;0;0;0;0;0
GAPLAN ADM CONS LTDA;47820097;202506;2;10,90007;107;0;0;99;703;13921;2868;4;14736;1738;315;883;10906;9
GAPLAN ADM CONS LTDA;47820097;202506;3;12,03711;23;0;0;21;118;1533;380;1;1783;101;29;193;1140;0
GAPLAN ADM CONS LTDA;47820097;202506;4;0,00000;0;0;0;0;0;0;0;0;0;0;0;0;0;0
GAPLAN ADM CONS LTDA;47820097;202506;5;0,00000;0;0;0;0;0;0;0;0;0;0;0;0;0;0
GAPLAN ADM CONS LTDA;47820097;202506;6;0,00000;0;0;0;0;0;0;0;0;0;0;0;0;0;0
GLOBO ADM. CONS. LTDA.;85322204;202506;1;23,08097;5;0;0;30;1706;380;1381;7;1249;73;439;2866;100;65
GLOBO ADM. CONS. LTDA.;85322204;202506;2;0,00000;0;0;0;0;0;0;0;0;0;0;0;0;0;0
GLOBO ADM. CONS. LTDA.;85322204;202506;3;20,00000;5;0;0;41;1112;773;671;12;1126;99;219;1437;354;65
GLOBO ADM. CONS. LTDA.;85322204;202506;4;20,00000;1;0;0;15;184;101;271;5;276;13;83;264;4;22
GLOBO ADM. CONS. LTDA.;85322204;202506;5;0,00000;0;0;0;0;0;0;0;0;0;0;0;0;0;0
GLOBO ADM. CONS. LTDA.;85322204;202506;6;20,00000;3;0;0;31;460;421;547;13;708;102;158;681;127;23
GMAC ADM CONS  LTDA;49937055;202506;1;0,00000;0;0;0;0;0;0;0;0;0;0;0;0;0;0
GMAC ADM CONS  LTDA;49937055;202506;2;0,00000;0;0;0;0;0;0;0;0;0;0;0;0;0;0
GMAC ADM CONS  LTDA;49937055;202506;3;18,61302;252;3;3;5807;74839;55832;71474;826;113078;4179;10049;284353;14096;5178
GMAC ADM CONS  LTDA;49937055;202506;4;0,00000;0;0;0;0;0;0;0;0;0;0;0;0;0;0
GMAC ADM CONS  LTDA;49937055;202506;5;0,00000;0;0;0;0;0;0;0;0;0;0;0;0;0;0
GMAC ADM CONS  LTDA;49937055;202506;6;0,00000;0;0;0;0;0;0;0;0;0;0;0;0;0;0
GROSCON ADM. CONS. LTDA.;26228270;202506;1;22,95714;1;0;0;25;238;311;319;1;562;22;46;3508;198;33
GROSCON ADM. CONS. LTDA.;26228270;202506;2;20,22753;1;0;0;8;118;113;65;1;158;13;7;832;69;2
GROSCON ADM. CONS. LTDA.;26228270;202506;3;18,69297;5;0;0;45;231;825;773;13;1367;132;99;2814;332;57
GROSCON ADM. CONS. LTDA.;26228270;202506;4;0,00000;0;0;0;0;0;0;0;0;0;0;0;0;0;0
GROSCON ADM. CONS. LTDA.;26228270;202506;5;0,00000;0;0;0;0;0;0;0;0;0;0;0;0;0;0
GROSCON ADM. CONS. LTDA.;26228270;202506;6;0,00000;0;0;0;0;0;0;0;0;0;0;0;0;0;0
H. CONSÓRCIO;03586655;202506;1;22,04098;1;0;0;0;278;122;0;0;102;20;0;956;66;3
H. CONSÓRCIO;03586655;202506;2;17,56667;1;0;0;0;225;15;0;0;13;2;0;248;10;0
H. CONSÓRCIO;03586655;202506;3;10,92381;5;0;0;0;180;420;0;0;253;167;0;432;253;0
H. CONSÓRCIO;03586655;202506;4;15,00000;2;0;0;0;62;158;0;0;84;74;0;181;84;0
H. CONSÓRCIO;03586655;202506;5;0,00000;0;0;0;0;0;0;0;0;0;0;0;0;0;0
H. CONSÓRCIO;03586655;202506;6;0,00000;0;0;0;0;0;0;0;0;0;0;0;0;0;0
HS ADM CONS LTDA;73516106;202506;1;21,97783;131;1;0;5744;62265;29295;152524;702;171089;3049;7681;173801;4012;9993
HS ADM CONS LTDA;73516106;202506;2;0,00000;0;0;0;0;0;0;0;0;0;0;0;0;0;0
HS ADM CONS LTDA;73516106;202506;3;14,73460;142;2;1;3790;26529;44770;99980;1274;133836;5600;5314;105715;9685;5275
HS ADM CONS LTDA;73516106;202506;4;0,00000;0;0;0;0;0;0;0;0;0;0;0;0;0;0
HS ADM CONS LTDA;73516106;202506;5;0,00000;0;0;0;0;0;0;0;0;0;0;0;0;0;0
HS ADM CONS LTDA;73516106;202506;6;0,00000;0;0;0;0;0;0;0;0;0;0;0;0;0;0
IRMÃOS DE MARCO ADM CONS LTDA;03403333;202506;1;0,00000;0;0;0;0;0;0;0;0;0;0;0;0;0;0
IRMÃOS DE MARCO ADM CONS LTDA;03403333;202506;2;0,00000;0;0;0;0;0;0;0;0;0;0;0;0;0;0
IRMÃOS DE MARCO ADM CONS LTDA;03403333;202506;3;12,00000;1;0;0;0;21;97;12;2;98;9;2;21;32;9
IRMÃOS DE MARCO ADM CONS LTDA;03403333;202506;4;0,00000;0;0;0;0;0;0;0;0;0;0;0;0;0;0
IRMÃOS DE MARCO ADM CONS LTDA;03403333;202506;5;0,00000;0;0;0;0;0;0;0;0;0;0;0;0;0;0
IRMÃOS DE MARCO ADM CONS LTDA;03403333;202506;6;0,00000;0;0;0;0;0;0;0;0;0;0;0;0;0;0
ITAÚ ADM DE CONSÓRCIOS LTDA;00000776;202506;1;21,17920;261;2;0;7306;81156;64229;100015;858;156787;3390;4067;433994;18079;14812
ITAÚ ADM DE CONSÓRCIOS LTDA;00000776;202506;2;13,60181;8;0;0;65;62;3019;3176;77;5482;602;111;5145;343;276
ITAÚ ADM DE CONSÓRCIOS LTDA;00000776;202506;3;18,16159;475;3;7;12727;5093;246279;201243;5956;411034;27399;9089;386357;64390;32129
ITAÚ ADM DE CONSÓRCIOS LTDA;00000776;202506;4;27,97020;66;0;0;1695;422;24493;40924;966;60502;3449;1466;89056;2898;5622
ITAÚ ADM DE CONSÓRCIOS LTDA;00000776;202506;5;0,00000;0;0;0;0;0;0;0;0;0;0;0;0;0;0
ITAÚ ADM DE CONSÓRCIOS LTDA;00000776;202506;6;0,00000;0;0;0;0;0;0;0;0;0;0;0;0;0;0
ITAÚ UNIBANCO VEÍCULOS ADM CONS LTDA.;42421776;202506;1;0,00000;0;0;0;0;0;0;0;0;0;0;0;0;0;0
ITAÚ UNIBANCO VEÍCULOS ADM CONS LTDA.;42421776;202506;2;0,00000;0;0;0;0;0;0;0;0;0;0;0;0;0;0
ITAÚ UNIBANCO VEÍCULOS ADM CONS LTDA.;42421776;202506;3;0,00000;0;0;0;0;0;0;0;0;0;0;0;0;0;0
ITAÚ UNIBANCO VEÍCULOS ADM CONS LTDA.;42421776;202506;4;0,00000;0;0;0;0;0;0;0;0;0;0;0;0;0;0
ITAÚ UNIBANCO VEÍCULOS ADM CONS LTDA.;42421776;202506;5;0,00000;0;0;0;0;0;0;0;0;0;0;0;0;0;0
ITAÚ UNIBANCO VEÍCULOS ADM CONS LTDA.;42421776;202506;6;0,00000;0;0;0;0;0;0;0;0;0;0;0;0;0;0
KLUBI;41629070;202506;1;26,27567;1;0;0;773;137;29;3123;7;3011;1;140;164;6;29
KLUBI;41629070;202506;2;0,00000;0;0;0;0;0;0;0;0;0;0;0;0;0;0
KLUBI;41629070;202506;3;15,95497;2;0;0;406;4915;1783;4053;50;4840;39;957;8804;286;202
KLUBI;41629070;202506;4;37,87096;2;0;0;232;2346;19;504;9;411;0;112;2393;6;5
KLUBI;41629070;202506;5;51,83321;50;0;0;12019;78178;5474;44439;894;32961;690;16262;90836;1156;619
KLUBI;41629070;202506;6;31,97112;1;0;0;288;608;18;1005;8;609;1;413;652;0;17
KSK ADM CONS LTDA.;62798475;202506;1;24,63233;6;0;0;634;449;630;7616;22;4268;271;3707;23055;16;137
KSK ADM CONS LTDA.;62798475;202506;2;23,84940;4;0;0;230;96;677;2604;18;2587;155;539;15817;30;74
KSK ADM CONS LTDA.;62798475;202506;3;18,94150;10;0;0;400;2484;2535;4288;55;4110;748;1965;37922;356;291
KSK ADM CONS LTDA.;62798475;202506;4;22,45680;1;0;0;46;277;29;422;4;279;4;168;474;0;11
KSK ADM CONS LTDA.;62798475;202506;5;2,60050;1;0;0;0;31;12;30;1;36;1;5;31;0;6
KSK ADM CONS LTDA.;62798475;202506;6;19,87200;1;0;0;5;433;95;233;7;183;27;118;939;4;15
LUIZA ADM. CONS. LTDA;60250776;202506;1;19,91858;24;0;0;1355;18027;7334;25962;140;28682;604;4010;70941;1642;1990
LUIZA ADM. CONS. LTDA;60250776;202506;2;15,10107;4;0;0;157;332;1197;2562;23;3267;120;372;4339;386;142
LUIZA ADM. CONS. LTDA;60250776;202506;3;17,97543;43;0;0;1423;4437;21749;26757;532;42429;1977;4100;45963;7641;2722
LUIZA ADM. CONS. LTDA;60250776;202506;4;21,46017;26;0;0;416;5264;8870;7341;216;14067;748;1396;15694;4087;1416
LUIZA ADM. CONS. LTDA;60250776;202506;5;24,54047;10;0;1;121;1143;1945;1733;89;3064;214;400;2953;803;415
LUIZA ADM. CONS. LTDA;60250776;202506;6;20,52477;9;0;0;63;1628;2981;1180;85;3489;449;223;3799;1022;576
M.I6 ADM CONS LTDA.;58860976;202506;1;0,00000;0;0;0;0;0;0;0;0;0;0;0;0;0;0
M.I6 ADM CONS LTDA.;58860976;202506;2;0,00000;0;0;0;0;0;0;0;0;0;0;0;0;0;0
M.I6 ADM CONS LTDA.;58860976;202506;3;0,00000;0;0;0;0;0;0;0;0;0;0;0;0;0;0
M.I6 ADM CONS LTDA.;58860976;202506;4;0,00000;0;0;0;0;0;0;0;0;0;0;0;0;0;0
M.I6 ADM CONS LTDA.;58860976;202506;5;0,00000;0;0;0;0;0;0;0;0;0;0;0;0;0;0
M.I6 ADM CONS LTDA.;58860976;202506;6;0,00000;0;0;0;0;0;0;0;0;0;0;0;0;0;0
MAGGI ADM CONS LTDA;04250224;202506;1;22,00379;9;0;0;353;2655;1884;4435;42;5356;140;823;6493;649;344
MAGGI ADM CONS LTDA;04250224;202506;2;13,38181;40;1;0;342;3516;11818;8352;177;17553;976;1641;8995;5924;862
MAGGI ADM CONS LTDA;04250224;202506;3;13,18990;17;0;0;366;1548;8892;5232;144;12619;602;903;7772;5333;354
MAGGI ADM CONS LTDA;04250224;202506;4;10,79577;4;0;0;227;383;383;2550;35;2605;26;302;603;27;56
MAGGI ADM CONS LTDA;04250224;202506;5;0,00000;0;0;0;0;0;0;0;0;0;0;0;0;0;0
MAGGI ADM CONS LTDA;04250224;202506;6;0,00000;0;0;0;0;0;0;0;0;0;0;0;0;0;0
MASSEY FERGUSON ADM DE CONS LTDA;45793395;202506;1;0,00000;0;0;0;0;0;0;0;0;0;0;0;0;0;0
MASSEY FERGUSON ADM DE CONS LTDA;45793395;202506;2;13,88137;24;0;0;319;1914;16301;6618;194;20658;1460;801;11272;10369;854
MASSEY FERGUSON ADM DE CONS LTDA;45793395;202506;3;0,00000;0;0;0;0;0;0;0;0;0;0;0;0;0;0
MASSEY FERGUSON ADM DE CONS LTDA;45793395;202506;4;0,00000;0;0;0;0;0;0;0;0;0;0;0;0;0;0
MASSEY FERGUSON ADM DE CONS LTDA;45793395;202506;5;0,00000;0;0;0;0;0;0;0;0;0;0;0;0;0;0
MASSEY FERGUSON ADM DE CONS LTDA;45793395;202506;6;0,00000;0;0;0;0;0;0;0;0;0;0;0;0;0;0
MENEGALLI ADM CONS LTDA;76853043;202506;1;0,00000;0;0;0;0;0;0;0;0;0;0;0;0;0;0
MENEGALLI ADM CONS LTDA;76853043;202506;2;0,00000;0;0;0;0;0;0;0;0;0;0;0;0;0;0
MENEGALLI ADM CONS LTDA;76853043;202506;3;14,56440;10;0;0;18;8;957;705;30;1281;266;115;448;261;100
MENEGALLI ADM CONS LTDA;76853043;202506;4;18,00000;14;0;0;31;46;1041;850;31;1449;244;198;633;290;109
MENEGALLI ADM CONS LTDA;76853043;202506;5;15,26440;4;0;0;9;14;378;386;8;550;156;58;232;73;23
MENEGALLI ADM CONS LTDA;76853043;202506;6;0,00000;0;0;0;0;0;0;0;0;0;0;0;0;0;0
MERCABENCO;46349106;202506;1;17,50797;1;0;0;0;160;263;31;3;248;41;5;505;117;45
MERCABENCO;46349106;202506;2;12,86877;17;0;3;1;899;3022;1642;22;2819;1149;696;1774;1343;129
MERCABENCO;46349106;202506;3;13,12768;5;0;1;67;98;2969;587;12;2894;509;153;2456;2068;110
MERCABENCO;46349106;202506;4;0,00000;0;0;0;0;0;0;0;0;0;0;0;0;0;0
MERCABENCO;46349106;202506;5;0,00000;0;0;0;0;0;0;0;0;0;0;0;0;0;0
MERCABENCO;46349106;202506;6;0,00000;0;0;0;0;0;0;0;0;0;0;0;0;0;0
MOTOASA ADM. CONS. LTDA;05126027;202506;1;0,00000;0;0;0;0;0;0;0;0;0;0;0;0;0;0
MOTOASA ADM. CONS. LTDA;05126027;202506;2;0,00000;0;0;0;0;0;0;0;0;0;0;0;0;0;0
MOTOASA ADM. CONS. LTDA;05126027;202506;3;0,00000;0;0;0;0;0;0;0;0;0;0;0;0;0;0
MOTOASA ADM. CONS. LTDA;05126027;202506;4;19,95307;10;0;0;90;897;8560;1605;41;9551;389;225;10356;6706;148
MOTOASA ADM. CONS. LTDA;05126027;202506;5;0,00000;0;0;0;0;0;0;0;0;0;0;0;0;0;0
MOTOASA ADM. CONS. LTDA;05126027;202506;6;0,00000;0;0;0;0;0;0;0;0;0;0;0;0;0;0
MULTIMARCAS ADM.CONS.LTDA.;04124922;202506;1;22,82734;31;0;0;1039;30103;2142;7676;38;7890;590;1338;107265;216;813
MULTIMARCAS ADM.CONS.LTDA.;04124922;202506;2;17,54940;7;0;0;136;5999;908;884;7;1276;294;222;28842;131;124
MULTIMARCAS ADM.CONS.LTDA.;04124922;202506;3;18,07260;22;0;0;847;18961;4522;5564;71;7450;1145;1491;66696;1388;659
MULTIMARCAS ADM.CONS.LTDA.;04124922;202506;4;16,56050;13;0;0;269;9728;4035;1366;25;3892;1151;358;37944;1419;552
MULTIMARCAS ADM.CONS.LTDA.;04124922;202506;5;0,00000;0;0;0;0;0;0;0;0;0;0;0;0;0;0
MULTIMARCAS ADM.CONS.LTDA.;04124922;202506;6;16,02450;2;0;0;11;729;72;91;4;112;29;22;1153;3;37
NOVOTEMPO ADM CONS;05395814;202506;1;0,00000;0;0;0;0;0;0;0;0;0;0;0;0;0;0
NOVOTEMPO ADM CONS;05395814;202506;2;13,83980;13;0;0;47;971;3518;1671;17;4693;303;193;3025;2427;82
NOVOTEMPO ADM CONS;05395814;202506;3;0,00000;0;0;0;0;0;0;0;0;0;0;0;0;0;0
NOVOTEMPO ADM CONS;05395814;202506;4;20,85190;1;0;0;1;72;167;39;1;199;4;3;99;123;13
NOVOTEMPO ADM CONS;05395814;202506;5;0,00000;0;0;0;0;0;0;0;0;0;0;0;0;0;0
NOVOTEMPO ADM CONS;05395814;202506;6;0,00000;0;0;0;0;0;0;0;0;0;0;0;0;0;0
OPÇÃO ADM. CONSÓRCIO;20919916;202506;1;0,00000;0;0;0;0;0;0;0;0;0;0;0;0;0;0
OPÇÃO ADM. CONSÓRCIO;20919916;202506;2;0,00000;0;0;0;0;0;0;0;0;0;0;0;0;0;0
OPÇÃO ADM. CONSÓRCIO;20919916;202506;3;14,97360;3;0;0;33;51;447;403;16;730;57;63;353;119;41
OPÇÃO ADM. CONSÓRCIO;20919916;202506;4;20,00960;9;0;0;73;64;1889;920;36;2428;173;208;1981;1102;95
OPÇÃO ADM. CONSÓRCIO;20919916;202506;5;0,00000;0;0;0;0;0;0;0;0;0;0;0;0;0;0
OPÇÃO ADM. CONSÓRCIO;20919916;202506;6;17,25000;1;0;0;2;40;50;30;2;67;5;8;64;8;10
PORTO SEGURO ADM. CONS. LTDA;48041735;202506;1;20,07960;333;0;1;5121;16612;71042;150748;797;204420;3461;13909;181200;29151;19252
PORTO SEGURO ADM. CONS. LTDA;48041735;202506;2;13,86081;34;0;0;539;824;4001;11000;112;13424;389;1188;9577;648;1253
PORTO SEGURO ADM. CONS. LTDA;48041735;202506;3;17,15201;420;0;9;4757;13396;74375;117807;2608;173750;5597;12835;103416;20660;17859
PORTO SEGURO ADM. CONS. LTDA;48041735;202506;4;0,00000;0;0;0;0;0;0;0;0;0;0;0;0;0;0
PORTO SEGURO ADM. CONS. LTDA;48041735;202506;5;0,00000;0;0;0;0;0;0;0;0;0;0;0;0;0;0
PORTO SEGURO ADM. CONS. LTDA;48041735;202506;6;0,00000;0;0;0;0;0;0;0;0;0;0;0;0;0;0
PORTOBENS ADM CONS LTDA;87433413;202506;1;0,00000;0;0;0;0;0;0;0;0;0;0;0;0;0;0
PORTOBENS ADM CONS LTDA;87433413;202506;2;13,85692;67;0;0;205;617;7003;4107;120;10499;334;277;3305;2950;2289
PORTOBENS ADM CONS LTDA;87433413;202506;3;14,92640;5;0;0;44;39;1997;1188;22;2971;116;98;1655;1052;612
PORTOBENS ADM CONS LTDA;87433413;202506;4;0,00000;0;0;0;0;0;0;0;0;0;0;0;0;0;0
PORTOBENS ADM CONS LTDA;87433413;202506;5;0,00000;0;0;0;0;0;0;0;0;0;0;0;0;0;0
PORTOBENS ADM CONS LTDA;87433413;202506;6;0,00000;0;0;0;0;0;0;0;0;0;0;0;0;0;0
PRIMO ROSSI ADM. CONS. LTDA;51597300;202506;1;22,14553;3;0;0;44;1248;3152;921;11;3688;210;175;7109;2207;177
PRIMO ROSSI ADM. CONS. LTDA;51597300;202506;2;14,54630;10;0;0;209;397;7039;5617;115;10769;1041;846;7091;3397;456
PRIMO ROSSI ADM. CONS. LTDA;51597300;202506;3;21,24587;7;0;0;129;986;3888;2194;67;5191;515;376;5538;1765;211
PRIMO ROSSI ADM. CONS. LTDA;51597300;202506;4;21,83801;2;0;0;99;1163;5200;2024;80;5862;835;527;8680;3040;286
PRIMO ROSSI ADM. CONS. LTDA;51597300;202506;5;0,00000;0;0;0;0;0;0;0;0;0;0;0;0;0;0
PRIMO ROSSI ADM. CONS. LTDA;51597300;202506;6;0,00000;0;0;0;0;0;0;0;0;0;0;0;0;0;0
PROMOVE;09111444;202506;1;25,00000;2;0;0;250;259;84;1655;4;1076;8;655;5612;0;57
PROMOVE;09111444;202506;2;25,00000;2;0;0;204;341;52;1455;3;736;9;762;2852;0;23
PROMOVE;09111444;202506;3;20,76370;7;0;1;716;1332;729;4548;20;3006;162;2109;21687;22;316
PROMOVE;09111444;202506;4;21,61880;2;0;0;225;421;545;918;22;950;135;378;4837;146;143
PROMOVE;09111444;202506;5;0,00000;0;0;0;0;0;0;0;0;0;0;0;0;0;0
PROMOVE;09111444;202506;6;0,00000;0;0;0;0;0;0;0;0;0;0;0;0;0;0
QUALINVEST ADM CONS LTDA.;27836377;202506;1;0,00000;0;0;0;0;0;0;0;0;0;0;0;0;0;0
QUALINVEST ADM CONS LTDA.;27836377;202506;2;16,26510;1;0;0;1;1;61;105;3;166;0;0;1;22;5
QUALINVEST ADM CONS LTDA.;27836377;202506;3;0,00000;0;0;0;0;0;0;0;0;0;0;0;0;0;0
QUALINVEST ADM CONS LTDA.;27836377;202506;4;0,00000;0;0;0;0;0;0;0;0;0;0;0;0;0;0
QUALINVEST ADM CONS LTDA.;27836377;202506;5;0,00000;0;0;0;0;0;0;0;0;0;0;0;0;0;0
QUALINVEST ADM CONS LTDA.;27836377;202506;6;0,00000;0;0;0;0;0;0;0;0;0;0;0;0;0;0
RANDON ADM CONSÓRCIOS LTDA.;91108027;202506;1;21,00162;20;1;0;710;734;5861;14646;93;18662;504;1341;16472;1436;2444
RANDON ADM CONSÓRCIOS LTDA.;91108027;202506;2;12,37643;135;2;1;885;3748;36225;40275;640;70232;3034;3234;20572;13093;10190
RANDON ADM CONSÓRCIOS LTDA.;91108027;202506;3;13,72651;11;0;0;243;672;3758;5660;80;8276;392;750;3980;1208;681
RANDON ADM CONSÓRCIOS LTDA.;91108027;202506;4;0,00000;0;0;0;3;0;0;0;0;0;0;0;0;0;0
RANDON ADM CONSÓRCIOS LTDA.;91108027;202506;5;9,70000;1;0;0;0;12;153;68;4;205;9;7;45;52;47
RANDON ADM CONSÓRCIOS LTDA.;91108027;202506;6;13,02697;1;0;0;0;41;140;38;6;142;32;4;53;17;40
RECON ADM. DE CONSORCIOS LTDA;23767155;202506;1;21,93274;5;1;0;337;4128;2067;4509;34;5523;288;765;27317;480;540
RECON ADM. DE CONSORCIOS LTDA;23767155;202506;2;0,00000;0;0;0;0;0;0;0;0;0;0;0;0;0;0
RECON ADM. DE CONSORCIOS LTDA;23767155;202506;3;18,61507;21;0;0;513;8681;9396;6393;173;13033;1371;1385;37204;4258;964
RECON ADM. DE CONSORCIOS LTDA;23767155;202506;4;18,57819;4;0;0;100;723;1547;1369;47;2335;264;317;4624;478;259
RECON ADM. DE CONSORCIOS LTDA;23767155;202506;5;0,00000;0;0;0;0;0;0;0;0;0;0;0;0;0;0
RECON ADM. DE CONSORCIOS LTDA;23767155;202506;6;19,07438;1;0;0;6;211;190;52;6;196;36;10;561;50;56
REDE OESTE ADM DE CONS LTDA;92002609;202506;1;21,34210;1;0;0;9;185;87;445;3;473;16;43;827;1;18
REDE OESTE ADM DE CONS LTDA;92002609;202506;2;0,00000;0;0;0;0;0;0;0;0;0;0;0;0;0;0
REDE OESTE ADM DE CONS LTDA;92002609;202506;3;14,80740;15;0;0;73;295;1912;2811;58;3933;396;394;2505;487;146
REDE OESTE ADM DE CONS LTDA;92002609;202506;4;0,00000;0;0;0;0;0;0;0;0;0;0;0;0;0;0
REDE OESTE ADM DE CONS LTDA;92002609;202506;5;0,00000;0;0;0;0;0;0;0;0;0;0;0;0;0;0
REDE OESTE ADM DE CONS LTDA;92002609;202506;6;0,00000;0;0;0;0;0;0;0;0;0;0;0;0;0;0
REDENÇÃO ADM DE CONSÓRCIO;62246228;202506;1;23,23585;1;0;0;3;20;3;50;0;50;1;2;21;0;2
REDENÇÃO ADM DE CONSÓRCIO;62246228;202506;2;0,00000;0;0;0;0;0;0;0;0;0;0;0;0;0;0
REDENÇÃO ADM DE CONSÓRCIO;62246228;202506;3;16,97148;7;0;0;44;530;838;701;18;1365;110;64;1965;336;60
REDENÇÃO ADM DE CONSÓRCIO;62246228;202506;4;17,81228;1;0;0;0;108;99;15;2;101;9;4;219;42;14
REDENÇÃO ADM DE CONSÓRCIO;62246228;202506;5;0,00000;0;0;0;0;0;0;0;0;0;0;0;0;0;0
REDENÇÃO ADM DE CONSÓRCIO;62246228;202506;6;8,96044;4;0;0;0;1;84;59;3;141;1;1;5;37;0
REMAZA ADM CONS LTDA;62354055;202506;1;20,19345;17;0;0;130;1169;4746;4067;48;8018;408;387;36516;1149;875
REMAZA ADM CONS LTDA;62354055;202506;2;0,00000;0;0;0;0;0;0;0;0;0;0;0;0;0;0
REMAZA ADM CONS LTDA;62354055;202506;3;19,84243;7;0;0;79;360;2386;1679;36;3468;358;239;10560;1098;254
REMAZA ADM CONS LTDA;62354055;202506;4;20,48073;11;0;0;23;181;1469;796;27;1945;165;155;4929;678;267
REMAZA ADM CONS LTDA;62354055;202506;5;0,00000;0;0;0;0;0;0;0;0;0;0;0;0;0;0
REMAZA ADM CONS LTDA;62354055;202506;6;0,00000;0;0;0;0;0;0;0;0;0;0;0;0;0;0
RIVEL ADM.CONSORCIOS;80402746;202506;1;20,61588;3;0;0;28;1058;721;1642;12;2013;141;209;3371;246;95
RIVEL ADM.CONSORCIOS;80402746;202506;2;0,00000;0;0;0;0;0;0;0;0;0;0;0;0;0;0
RIVEL ADM.CONSORCIOS;80402746;202506;3;11,84544;14;0;0;28;319;1110;1195;40;2027;162;116;915;375;172
RIVEL ADM.CONSORCIOS;80402746;202506;4;16,99861;7;0;0;17;459;859;582;14;1202;143;96;969;326;108
RIVEL ADM.CONSORCIOS;80402746;202506;5;0,00000;0;0;0;0;0;0;0;0;0;0;0;0;0;0
RIVEL ADM.CONSORCIOS;80402746;202506;6;0,00000;0;0;0;0;0;0;0;0;0;0;0;0;0;0
RODOBENS ADM CONSORCIOS LTDA;51855716;202506;1;24,86248;113;2;0;1805;8306;22154;42775;220;60663;993;3273;80438;8382;6108
RODOBENS ADM CONSORCIOS LTDA;51855716;202506;2;14,89318;4;0;0;32;18;432;537;13;881;35;53;580;122;173
RODOBENS ADM CONSORCIOS LTDA;51855716;202506;3;17,15568;157;1;3;1071;2369;19587;18518;270;34340;1638;2127;22844;7938;6371
RODOBENS ADM CONSORCIOS LTDA;51855716;202506;4;19,21528;15;0;0;88;255;3280;1596;46;4345;278;253;4320;1465;819
RODOBENS ADM CONSORCIOS LTDA;51855716;202506;5;0,00000;0;0;0;0;0;0;0;0;0;0;0;0;0;0
RODOBENS ADM CONSORCIOS LTDA;51855716;202506;6;25,07933;16;1;1;101;187;1737;1200;68;2380;377;180;2461;563;464
SANTA FÉ ADM CONS LTDA;80674393;202506;1;0,00000;0;0;0;0;0;0;0;0;0;0;0;0;0;0
SANTA FÉ ADM CONS LTDA;80674393;202506;2;17,00000;1;0;0;3;10;9;116;1;111;0;14;11;0;4
SANTA FÉ ADM CONS LTDA;80674393;202506;3;12,32150;10;0;0;3;6;188;217;12;359;17;29;15;62;31
SANTA FÉ ADM CONS LTDA;80674393;202506;4;0,00000;0;0;0;0;0;0;0;0;0;0;0;0;0;0
SANTA FÉ ADM CONS LTDA;80674393;202506;5;0,00000;0;0;0;0;0;0;0;0;0;0;0;0;0;0
SANTA FÉ ADM CONS LTDA;80674393;202506;6;0,00000;0;0;0;0;0;0;0;0;0;0;0;0;0;0
SANTANDER BRASIL ADM CONS LTDA;55942312;202506;1;21,29873;134;3;0;5979;53370;24003;85508;884;101154;1346;7011;212063;3408;8574
SANTANDER BRASIL ADM CONS LTDA;55942312;202506;2;10,75128;18;0;0;60;220;9942;3030;151;11141;1683;148;9676;2967;857
SANTANDER BRASIL ADM CONS LTDA;55942312;202506;3;13,92073;185;2;4;5153;5600;180408;93512;4662;243178;24670;6072;232232;63090;23002
SANTANDER BRASIL ADM CONS LTDA;55942312;202506;4;21,24283;5;0;0;349;1734;3153;4347;175;6970;228;302;6658;335;1028
SANTANDER BRASIL ADM CONS LTDA;55942312;202506;5;17,89475;8;0;0;0;4352;3358;39;27;3223;159;15;6074;1332;1694
SANTANDER BRASIL ADM CONS LTDA;55942312;202506;6;0,00000;0;0;0;0;0;0;0;0;0;0;0;0;0;0
SCANIA ADM CONS LTDA.;96479258;202506;1;0,00000;0;0;0;0;0;0;0;0;0;0;0;0;0;0
SCANIA ADM CONS LTDA.;96479258;202506;2;12,87663;58;0;0;372;133;10138;9392;153;18449;513;568;3593;3182;3303
SCANIA ADM CONS LTDA.;96479258;202506;3;0,00000;0;0;0;0;0;0;0;0;0;0;0;0;0;0
SCANIA ADM CONS LTDA.;96479258;202506;4;0,00000;0;0;0;0;0;0;0;0;0;0;0;0;0;0
SCANIA ADM CONS LTDA.;96479258;202506;5;0,00000;0;0;0;0;0;0;0;0;0;0;0;0;0;0
SCANIA ADM CONS LTDA.;96479258;202506;6;0,00000;0;0;0;0;0;0;0;0;0;0;0;0;0;0
SERRANA ADM CONSÓRCIOS LTDA.;89472310;202506;1;0,00000;0;0;0;0;0;0;0;0;0;0;0;0;0;0
SERRANA ADM CONSÓRCIOS LTDA.;89472310;202506;2;0,00000;0;0;0;0;0;0;0;0;0;0;0;0;0;0
SERRANA ADM CONSÓRCIOS LTDA.;89472310;202506;3;14,41040;39;0;1;28;50;1045;942;40;1590;200;197;116;235;205
SERRANA ADM CONSÓRCIOS LTDA.;89472310;202506;4;0,00000;0;0;0;0;0;0;0;0;0;0;0;0;0;0
SERRANA ADM CONSÓRCIOS LTDA.;89472310;202506;5;0,00000;0;0;0;0;0;0;0;0;0;0;0;0;0;0
SERRANA ADM CONSÓRCIOS LTDA.;89472310;202506;6;0,00000;0;0;0;0;0;0;0;0;0;0;0;0;0;0
SERVOPA ADM CONSÓRCIOS;76515071;202506;1;21,69643;53;1;0;1646;7366;10276;50275;168;51346;1549;7656;37107;2527;2459
SERVOPA ADM CONSÓRCIOS;76515071;202506;2;13,37460;2;0;0;74;35;289;712;5;851;44;106;184;62;78
SERVOPA ADM CONSÓRCIOS;76515071;202506;3;14,06980;118;2;1;1597;861;18133;24520;454;37108;2312;3233;12886;6492;4386
SERVOPA ADM CONSÓRCIOS;76515071;202506;4;15,46260;14;0;1;68;219;3456;1483;53;4287;391;261;2380;1897;758
SERVOPA ADM CONSÓRCIOS;76515071;202506;5;0,00000;0;0;0;0;0;0;0;0;0;0;0;0;0;0
SERVOPA ADM CONSÓRCIOS;76515071;202506;6;0,00000;0;0;0;0;0;0;0;0;0;0;0;0;0;0
SICOOB ADM CONS LTDA.;16551061;202506;1;8,65168;85;0;0;1636;210;32266;48885;630;78110;1183;1858;33997;7620;11917
SICOOB ADM CONS LTDA.;16551061;202506;2;8,40380;16;1;0;408;72;5316;8903;181;13338;458;423;5464;617;1788
SICOOB ADM CONS LTDA.;16551061;202506;3;7,46139;273;2;3;5583;536;152128;118138;3962;259126;6580;4560;74623;50706;30503
SICOOB ADM CONS LTDA.;16551061;202506;4;7,62055;48;0;0;1014;275;24150;23566;751;44600;1599;1517;13797;7568;11672
SICOOB ADM CONS LTDA.;16551061;202506;5;13,52038;8;0;0;407;6;3013;3774;136;6234;335;218;1774;241;942
SICOOB ADM CONS LTDA.;16551061;202506;6;9,90079;52;2;0;961;224;12770;13003;612;23960;1190;623;5261;3436;3773
SINOSSERRA ADM CONSÓRCIOS S.A.;87852273;202506;1;0,00000;0;0;0;0;0;0;0;0;0;0;0;0;0;0
SINOSSERRA ADM CONSÓRCIOS S.A.;87852273;202506;2;0,00000;0;0;0;0;0;0;0;0;0;0;0;0;0;0
SINOSSERRA ADM CONSÓRCIOS S.A.;87852273;202506;3;0,00000;0;0;0;0;0;0;0;0;0;0;0;0;0;0
SINOSSERRA ADM CONSÓRCIOS S.A.;87852273;202506;4;0,00000;0;0;0;0;0;0;0;0;0;0;0;0;0;0
SINOSSERRA ADM CONSÓRCIOS S.A.;87852273;202506;5;0,00000;0;0;0;0;0;0;0;0;0;0;0;0;0;0
SINOSSERRA ADM CONSÓRCIOS S.A.;87852273;202506;6;0,00000;0;0;0;0;0;0;0;0;0;0;0;0;0;0
SM ADM CONS LTDA;26253658;202506;1;0,00000;0;0;0;0;0;0;0;0;0;0;0;0;0;0
SM ADM CONS LTDA;26253658;202506;2;0,00000;0;0;0;0;0;0;0;0;0;0;0;0;0;0
SM ADM CONS LTDA;26253658;202506;3;16,26730;6;0;0;26;184;1239;498;15;1664;19;54;1180;756;86
SM ADM CONS LTDA;26253658;202506;4;0,00000;0;0;0;0;0;0;0;0;0;0;0;0;0;0
SM ADM CONS LTDA;26253658;202506;5;20,36330;1;0;0;1;47;75;68;3;137;1;5;80;5;13
SM ADM CONS LTDA;26253658;202506;6;0,00000;0;0;0;0;0;0;0;0;0;0;0;0;0;0
SOLUÇÃO ADM. DE CONSÓRCIOS LTD;04058605;202506;1;0,00000;0;0;0;0;0;0;0;0;0;0;0;0;0;0
SOLUÇÃO ADM. DE CONSÓRCIOS LTD;04058605;202506;2;0,00000;0;0;0;0;0;0;0;0;0;0;0;0;0;0
SOLUÇÃO ADM. DE CONSÓRCIOS LTD;04058605;202506;3;9,98980;2;0;0;0;22;323;69;3;350;31;11;305;230;20
SOLUÇÃO ADM. DE CONSÓRCIOS LTD;04058605;202506;4;17,93630;29;0;0;56;1399;7750;2158;126;8897;712;299;10051;4133;586
SOLUÇÃO ADM. DE CONSÓRCIOS LTD;04058605;202506;5;0,00000;0;0;0;0;0;0;0;0;0;0;0;0;0;0
SOLUÇÃO ADM. DE CONSÓRCIOS LTD;04058605;202506;6;0,00000;0;0;0;0;0;0;0;0;0;0;0;0;0;0
SPERTA ADM CONSORCIO NAC LTDA;54708839;202506;1;0,00000;0;0;0;0;0;0;0;0;0;0;0;0;0;0
SPERTA ADM CONSORCIO NAC LTDA;54708839;202506;2;0,00000;0;0;0;0;0;0;0;0;0;0;0;0;0;0
SPERTA ADM CONSORCIO NAC LTDA;54708839;202506;3;0,00000;0;0;0;0;0;0;0;0;0;0;0;0;0;0
SPERTA ADM CONSORCIO NAC LTDA;54708839;202506;4;4,52188;19;0;0;303;773;17761;11737;475;27427;676;1395;8466;9298;675
SPERTA ADM CONSORCIO NAC LTDA;54708839;202506;5;0,00000;0;0;0;0;0;0;0;0;0;0;0;0;0;0
SPERTA ADM CONSORCIO NAC LTDA;54708839;202506;6;0,00000;0;0;0;0;0;0;0;0;0;0;0;0;0;0
SPONCHIADO ADM CONSÓRCIOS LTDA.;87636635;202506;1;22,22675;5;0;0;68;859;803;1036;9;1395;111;333;4984;281;121
SPONCHIADO ADM CONSÓRCIOS LTDA.;87636635;202506;2;0,00000;0;0;0;0;0;0;0;0;0;0;0;0;0;0
SPONCHIADO ADM CONSÓRCIOS LTDA.;87636635;202506;3;15,06866;9;0;0;57;455;1487;1426;33;2515;199;199;2159;485;193
SPONCHIADO ADM CONSÓRCIOS LTDA.;87636635;202506;4;0,00000;0;0;0;0;0;0;0;0;0;0;0;0;0;0
SPONCHIADO ADM CONSÓRCIOS LTDA.;87636635;202506;5;0,00000;0;0;0;0;0;0;0;0;0;0;0;0;0;0
SPONCHIADO ADM CONSÓRCIOS LTDA.;87636635;202506;6;0,00000;0;0;0;0;0;0;0;0;0;0;0;0;0;0
SUZUKI MOTOS ADM. CONS. LTDA;57723801;202506;1;0,00000;0;0;0;0;0;0;0;0;0;0;0;0;0;0
SUZUKI MOTOS ADM. CONS. LTDA;57723801;202506;2;0,00000;0;0;0;0;0;0;0;0;0;0;0;0;0;0
SUZUKI MOTOS ADM. CONS. LTDA;57723801;202506;3;0,00000;0;0;0;0;0;0;0;0;0;0;0;0;0;0
SUZUKI MOTOS ADM. CONS. LTDA;57723801;202506;4;21,90760;17;0;0;134;732;2949;1680;83;3987;405;237;7905;1037;322
SUZUKI MOTOS ADM. CONS. LTDA;57723801;202506;5;0,00000;0;0;0;0;0;0;0;0;0;0;0;0;0;0
SUZUKI MOTOS ADM. CONS. LTDA;57723801;202506;6;0,00000;0;0;0;0;0;0;0;0;0;0;0;0;0;0
TARRAF ADM CONS LTDA;53211488;202506;1;26,66877;3;0;0;70;237;475;1373;15;1630;54;164;2467;70;202
TARRAF ADM CONS LTDA;53211488;202506;2;16,58731;2;0;0;26;108;538;762;16;1117;73;110;936;142;96
TARRAF ADM CONS LTDA;53211488;202506;3;19,44623;9;0;0;193;359;3907;3182;105;6202;500;387;4793;1450;592
TARRAF ADM CONS LTDA;53211488;202506;4;20,56355;7;0;0;65;188;3617;1918;79;4763;463;309;3656;1768;547
TARRAF ADM CONS LTDA;53211488;202506;5;0,00000;0;0;0;0;0;0;0;0;0;0;0;0;0;0
TARRAF ADM CONS LTDA;53211488;202506;6;0,00000;0;0;0;0;0;0;0;0;0;0;0;0;0;0
TOYOTA ADM CONS BRASIL LTDA.;43707203;202506;1;0,00000;0;0;0;0;0;0;0;0;0;0;0;0;0;0
TOYOTA ADM CONS BRASIL LTDA.;43707203;202506;2;0,00000;0;0;0;0;0;0;0;0;0;0;0;0;0;0
TOYOTA ADM CONS BRASIL LTDA.;43707203;202506;3;18,13253;27;1;0;917;180;4362;13323;167;15824;214;1647;10525;460;651
TOYOTA ADM CONS BRASIL LTDA.;43707203;202506;4;0,00000;0;0;0;0;0;0;0;0;0;0;0;0;0;0
TOYOTA ADM CONS BRASIL LTDA.;43707203;202506;5;0,00000;0;0;0;0;0;0;0;0;0;0;0;0;0;0
TOYOTA ADM CONS BRASIL LTDA.;43707203;202506;6;0,00000;0;0;0;0;0;0;0;0;0;0;0;0;0;0
TRADIÇÃO ADM CONS. LTDA.;59956185;202506;1;21,53675;3;0;0;375;3584;397;1867;7;1892;33;339;7449;208;131
TRADIÇÃO ADM CONS. LTDA.;59956185;202506;2;15,84738;1;0;0;13;358;65;79;1;112;8;24;1110;16;11
TRADIÇÃO ADM CONS. LTDA.;59956185;202506;3;20,84845;22;0;0;2511;42015;6371;14802;189;17213;1189;2771;96556;1618;719
TRADIÇÃO ADM CONS. LTDA.;59956185;202506;4;24,62752;3;0;0;391;540;33;1602;7;1202;3;430;1155;2;14
TRADIÇÃO ADM CONS. LTDA.;59956185;202506;5;0,00000;0;0;0;0;0;0;0;0;0;0;0;0;0;0
TRADIÇÃO ADM CONS. LTDA.;59956185;202506;6;16,85034;1;0;0;17;0;3;144;1;102;0;45;3;1;1
TRIÂNGULO ADM CONS S/A;78199262;202506;1;18,03251;4;0;0;14;421;916;1506;11;2235;104;83;1788;284;158
TRIÂNGULO ADM CONS S/A;78199262;202506;2;0,00000;0;0;0;0;0;0;0;0;0;0;0;0;0;0
TRIÂNGULO ADM CONS S/A;78199262;202506;3;14,27531;15;0;0;39;272;2463;1742;45;3821;224;160;1857;1070;284
TRIÂNGULO ADM CONS S/A;78199262;202506;4;17,84727;1;0;0;1;26;453;188;17;542;69;30;276;118;73
TRIÂNGULO ADM CONS S/A;78199262;202506;5;0,00000;0;0;0;0;0;0;0;0;0;0;0;0;0;0
TRIÂNGULO ADM CONS S/A;78199262;202506;6;15,09936;1;0;0;0;89;192;44;7;193;32;11;158;35;31
TÁGIDE CONSÓRCIOS;05551841;202506;1;30,05630;1;0;0;5;617;34;37;1;62;6;3;1045;0;25
TÁGIDE CONSÓRCIOS;05551841;202506;2;0,00000;0;0;0;0;0;0;0;0;0;0;0;0;0;0
TÁGIDE CONSÓRCIOS;05551841;202506;3;20,80950;2;0;0;4;785;126;89;4;171;32;12;1821;5;20
TÁGIDE CONSÓRCIOS;05551841;202506;4;29,21070;2;0;0;0;639;85;36;2;99;19;3;996;1;25
TÁGIDE CONSÓRCIOS;05551841;202506;5;0,00000;0;0;0;0;0;0;0;0;0;0;0;0;0;0
TÁGIDE CONSÓRCIOS;05551841;202506;6;0,00000;0;0;0;0;0;0;0;0;0;0;0;0;0;0
UNAFISCO-ASS NAC AUD FISC RFB;50586247;202506;1;0,00000;0;0;0;0;0;0;0;0;0;0;0;0;0;0
UNAFISCO-ASS NAC AUD FISC RFB;50586247;202506;2;0,00000;0;0;0;0;0;0;0;0;0;0;0;0;0;0
UNAFISCO-ASS NAC AUD FISC RFB;50586247;202506;3;5,00000;3;0;0;1;4;131;165;8;295;0;1;4;29;22
UNAFISCO-ASS NAC AUD FISC RFB;50586247;202506;4;0,00000;0;0;0;0;0;0;0;0;0;0;0;0;0;0
UNAFISCO-ASS NAC AUD FISC RFB;50586247;202506;5;0,00000;0;0;0;0;0;0;0;0;0;0;0;0;0;0
UNAFISCO-ASS NAC AUD FISC RFB;50586247;202506;6;0,00000;0;0;0;0;0;0;0;0;0;0;0;0;0;0
UNECONSORCIO;46931655;202506;1;14,41815;3;1;0;96;27;49;1124;7;1145;1;27;52;0;31
UNECONSORCIO;46931655;202506;2;0,00000;0;0;0;0;0;0;0;0;0;0;0;0;0;0
UNECONSORCIO;46931655;202506;3;10,18344;4;1;0;133;160;358;735;18;1036;26;31;262;28;73
UNECONSORCIO;46931655;202506;4;0,00000;0;0;0;0;0;0;0;0;0;0;0;0;0;0
UNECONSORCIO;46931655;202506;5;0,00000;0;0;0;0;0;0;0;0;0;0;0;0;0;0
UNECONSORCIO;46931655;202506;6;17,58871;1;0;0;10;16;59;65;3;109;5;10;19;13;12
UNIFISA ADM NAC CONS LTDA;60732997;202506;1;21,34536;18;0;1;383;4999;4726;6562;63;10084;300;904;37302;1697;1028
UNIFISA ADM NAC CONS LTDA;60732997;202506;2;15,81820;3;0;0;92;61;1469;641;19;1890;127;93;4142;789;85
UNIFISA ADM NAC CONS LTDA;60732997;202506;3;15,98131;24;0;1;574;3368;7433;4617;127;10851;553;646;19826;4113;758
UNIFISA ADM NAC CONS LTDA;60732997;202506;4;16,37189;7;0;1;26;275;1742;366;28;1911;135;62;4858;1058;261
UNIFISA ADM NAC CONS LTDA;60732997;202506;5;0,00000;0;0;0;0;0;0;0;0;0;0;0;0;0;0
UNIFISA ADM NAC CONS LTDA;60732997;202506;6;22,60658;7;0;0;36;387;414;255;14;568;44;57;1315;190;125
UNIÃO CATARINENSE ADM CONS LTD;83553883;202506;1;19,82373;9;0;0;217;1271;1956;4315;22;5664;310;297;5407;590;189
UNIÃO CATARINENSE ADM CONS LTD;83553883;202506;2;0,00000;0;0;0;0;0;0;0;0;0;0;0;0;0;0
UNIÃO CATARINENSE ADM CONS LTD;83553883;202506;3;13,97370;10;0;0;38;80;1565;1347;29;2673;153;86;848;820;116
UNIÃO CATARINENSE ADM CONS LTD;83553883;202506;4;0,00000;0;0;0;0;0;0;0;0;0;0;0;0;0;0
UNIÃO CATARINENSE ADM CONS LTD;83553883;202506;5;0,00000;0;0;0;0;0;0;0;0;0;0;0;0;0;0
UNIÃO CATARINENSE ADM CONS LTD;83553883;202506;6;18,17960;3;0;0;7;47;114;92;3;180;19;7;89;29;13
VALTRA ADM CONS LTDA;56360266;202506;1;0,00000;0;0;0;0;0;0;0;0;0;0;0;0;0;0
VALTRA ADM CONS LTDA;56360266;202506;2;13,86873;20;0;1;239;1298;12472;6214;170;16627;1199;860;9035;6916;750
VALTRA ADM CONS LTDA;56360266;202506;3;0,00000;0;0;0;0;0;0;0;0;0;0;0;0;0;0
VALTRA ADM CONS LTDA;56360266;202506;4;0,00000;0;0;0;0;0;0;0;0;0;0;0;0;0;0
VALTRA ADM CONS LTDA;56360266;202506;5;0,00000;0;0;0;0;0;0;0;0;0;0;0;0;0;0
VALTRA ADM CONS LTDA;56360266;202506;6;0,00000;0;0;0;0;0;0;0;0;0;0;0;0;0;0
VANGUARDA ADM CONS LTDA.;57236840;202506;1;0,00000;0;0;0;0;0;0;0;0;0;0;0;0;0;0
VANGUARDA ADM CONS LTDA.;57236840;202506;2;0,00000;0;0;0;0;0;0;0;0;0;0;0;0;0;0
VANGUARDA ADM CONS LTDA.;57236840;202506;3;0,00000;0;0;0;0;0;0;0;0;0;0;0;0;0;0
VANGUARDA ADM CONS LTDA.;57236840;202506;4;5,06450;2;0;0;19;22;28;300;6;296;0;32;25;0;4
VANGUARDA ADM CONS LTDA.;57236840;202506;5;0,00000;0;0;0;0;0;0;0;0;0;0;0;0;0;0
VANGUARDA ADM CONS LTDA.;57236840;202506;6;0,00000;0;0;0;0;0;0;0;0;0;0;0;0;0;0
VINAC ADM DE CONSÓRCIOS LTDA;49995293;202506;1;0,00000;0;0;0;0;0;0;0;0;0;0;0;0;0;0
VINAC ADM DE CONSÓRCIOS LTDA;49995293;202506;2;0,00000;0;0;0;0;0;0;0;0;0;0;0;0;0;0
VINAC ADM DE CONSÓRCIOS LTDA;49995293;202506;3;12,00000;127;2;2;256;41;9696;5445;242;12940;1248;953;846;4584;86
VINAC ADM DE CONSÓRCIOS LTDA;49995293;202506;4;0,00000;0;0;0;0;0;0;0;0;0;0;0;0;0;0
VINAC ADM DE CONSÓRCIOS LTDA;49995293;202506;5;0,00000;0;0;0;0;0;0;0;0;0;0;0;0;0;0
VINAC ADM DE CONSÓRCIOS LTDA;49995293;202506;6;0,00000;0;0;0;0;0;0;0;0;0;0;0;0;0;0
VIVIANI ADM CONS NACIONAL LTDA.;22245020;202506;1;0,00000;0;0;0;0;0;0;0;0;0;0;0;0;0;0
VIVIANI ADM CONS NACIONAL LTDA.;22245020;202506;2;0,00000;0;0;0;0;0;0;0;0;0;0;0;0;0;0
VIVIANI ADM CONS NACIONAL LTDA.;22245020;202506;3;16,67900;6;0;0;17;287;828;474;24;1182;71;49;1706;284;93
VIVIANI ADM CONS NACIONAL LTDA.;22245020;202506;4;0,00000;0;0;0;0;0;0;0;0;0;0;0;0;0;0
VIVIANI ADM CONS NACIONAL LTDA.;22245020;202506;5;0,00000;0;0;0;0;0;0;0;0;0;0;0;0;0;0
VIVIANI ADM CONS NACIONAL LTDA.;22245020;202506;6;0,00000;0;0;0;0;0;0;0;0;0;0;0;0;0;0
XS5 ADM CONS S.A.;40011095;202506;1;17,27863;51;0;0;6165;3929;8570;81099;566;81952;184;7533;53168;226;5480
XS5 ADM CONS S.A.;40011095;202506;2;14,14949;15;0;0;617;57;4029;10894;219;13704;319;900;4907;132;1074
XS5 ADM CONS S.A.;40011095;202506;3;15,70056;63;0;0;5143;1339;39898;78452;1746;108688;2498;7164;48523;2822;10752
XS5 ADM CONS S.A.;40011095;202506;4;0,00000;0;0;0;0;0;0;0;0;0;0;0;0;0;0
XS5 ADM CONS S.A.;40011095;202506;5;0,00000;0;0;0;0;0;0;0;0;0;0;0;0;0;0
XS5 ADM CONS S.A.;40011095;202506;6;0,00000;0;0;0;0;0;0;0;0;0;0;0;0;0;0
YAMAHA ADM CONS LTDA;47458153;202506;1;19,27360;15;1;0;1294;1097;1609;7500;36;8156;168;785;10504;172;614
YAMAHA ADM CONS LTDA;47458153;202506;2;14,71224;2;0;0;48;6;131;743;9;748;15;111;233;5;28
YAMAHA ADM CONS LTDA;47458153;202506;3;15,18825;54;1;0;809;489;13991;12882;276;21616;2557;2700;17675;4127;1148
YAMAHA ADM CONS LTDA;47458153;202506;4;20,66646;200;6;2;4151;5453;74008;44833;1219;95765;13520;9556;139059;27542;4380
YAMAHA ADM CONS LTDA;47458153;202506;5;19,59656;0;0;0;345;0;5689;3526;142;7635;874;706;5136;2257;504
YAMAHA ADM CONS LTDA;47458153;202506;6;0,00000;0;0;0;0;0;0;0;0;0;0;0;0;0;0
ZEMA ADM. CONSÓRCIO  LTDA;23367634;202506;1;27,32607;14;0;0;619;4819;2407;5979;29;6511;394;1481;56222;555;587
ZEMA ADM. CONSÓRCIO  LTDA;23367634;202506;2;26,78227;2;0;0;43;981;46;473;4;417;11;91;3277;0;9
ZEMA ADM. CONSÓRCIO  LTDA;23367634;202506;3;23,10514;15;0;2;230;2752;4067;2119;35;4960;776;450;26166;2178;264
ZEMA ADM. CONSÓRCIO  LTDA;23367634;202506;4;0,00000;0;0;0;2;0;4;8;2;12;0;0;11;0;3
ZEMA ADM. CONSÓRCIO  LTDA;23367634;202506;5;0,00000;0;0;0;0;0;0;0;0;0;0;0;0;0;0
ZEMA ADM. CONSÓRCIO  LTDA;23367634;202506;6;23,11950;1;0;0;3;202;91;50;2;103;28;10;528;15;12
ÁPICE ADM DE CONSORCIO LTDA;03762583;202506;1;0,00000;0;0;0;0;0;0;0;0;0;0;0;0;0;0
ÁPICE ADM DE CONSORCIO LTDA;03762583;202506;2;15,43802;9;0;0;83;471;1990;3480;21;4730;271;469;1161;596;21
ÁPICE ADM DE CONSORCIO LTDA;03762583;202506;3;13,40191;2;0;0;2;53;586;148;2;702;22;10;140;386;5
ÁPICE ADM DE CONSORCIO LTDA;03762583;202506;4;0,00000;0;0;0;0;0;0;0;0;0;0;0;0;0;0
ÁPICE ADM DE CONSORCIO LTDA;03762583;202506;5;0,00000;0;0;0;0;0;0;0;0;0;0;0;0;0;0
ÁPICE ADM DE CONSORCIO LTDA;03762583;202506;6;0,00000;0;0;0;0;0;0;0;0;0;0;0;0;0;0
ÂNCORA ADM CONS S.A.;60375243;202506;1;23,69265;14;1;0;1668;3798;2217;13067;25;13376;258;1650;21457;701;464
ÂNCORA ADM CONS S.A.;60375243;202506;2;13,47987;7;0;0;427;3202;1254;4945;36;5488;168;543;5777;332;145
ÂNCORA ADM CONS S.A.;60375243;202506;3;18,47140;30;0;0;2822;15951;13215;16816;245;25411;2430;2190;35676;4154;1086
ÂNCORA ADM CONS S.A.;60375243;202506;4;20,30006;25;0;0;2542;1917;7942;18663;105;23616;569;2420;62642;5391;510
ÂNCORA ADM CONS S.A.;60375243;202506;5;21,86262;12;0;0;443;3357;4806;4018;109;7444;854;526;16653;2311;654
ÂNCORA ADM CONS S.A.;60375243;202506;6;22,50140;2;0;0;14;61;318;171;7;378;79;32;897;154;43
